OPERATION_PRODUCT,OPERATION_ID,EMPLOYEE_ID,MACHINE_CODE,SHIFT,HOUR,OT_FLAG,PLANED_QUANTITY,PM_EMPLOYEE_ID,IS_SCRAP
F6A01513.BLANK_2_HOLES_PIERCE,O0089,E1036 ,PP04,General,2,0,590,E1043,1
F7182114.SPOT_WELD,O0068,E1051 ,SW01,General,1,0,989,E1060,1
FA974313.TRIM,O0072,E1036 ,PP02,General,1,0,629,E1043,1
B0Y17741.BLANK_HOLE_PIERCE,O0095,E1032 ,PP02,General,2,0,1008,E1043,1
FA974313.FORM,O0041,E1037 ,PP03,General,1,0,637,E1043,1
9709090124.3RD_DRAW,O0004,E1046,HP04,General,1,0,200,E1043,1
B0Y17736.BLANK_HOLE_PIERCE,O0095,E1032 ,PP02,General,1,0,1008,E1019,1
9259076592.ROBOT_CO2_WELD,O0060,E1024 ,ROW2,General,3,0,458,E1010,1
9259076592.ROBOT_CO2_WELD,O0060,E1011 ,ROW2,General,6,0,1352,E1010,1
100260710.DEBUR,O0026,E057,DB01,General,2,0,600,E1010,1
100261280.EMBOSS,O0030,E1011,PP13,General,5,0,158,E1010,1
B0Y18702.BLANK_2_HOLES_PIERCE,O0089,E1036 ,PP04,General,1,0,780,E1043,1
4721951294.BEND,O0015,E1035 ,HP02,General,3,0,1456,E1043,1
9259076592.NOTCH,O0051,E1053,NM01,General,2,0,180,E1010,1
9254916692.3RD_DRAW,O0004,E1033,HP03,General,1,0,670,E1043,1
9259076592.ROBOT_CO2_WELD,O0060,E1050,ROW2,General,2,0,142,E1010,1
9254916692.SIDE_HOLES_PIERCE,O0063,E1027 ,PP04,General,1,0,1035,E1019,1
100261280.EMBOSS,O0030,E1011,PP09-13,General,1,0,202,E1010,1
100261280.CO2_WELD,O0021,E1059,MIG01,General,1,0,272,E1010,1
B5437304-F2866213.BLANK,O0019,E1031 ,PP06,General,2,0,672,E1043,1
B5437305-F2866313.FOLD,O0037,E1035 ,HP02,General,2,0,672,E1043,1
B5437304-F2866213.U_FOLD,O0096,E1029 ,HP02,General,1,0,671,E1043,1
9254916692.TOP_HOLES_PIERCE,O0070,E057 ,PP13,General,1,0,882,E1010,1
F1105313-WHEEL_NUT.BLANK,O0019,E1012 ,PP07,General,1,0,1090,E1043,1
B5433269.FOLD,O0037,E1036 ,PP06,General,2,0,583,E1043,1
F2834513.FOLD,O0037,E1047 ,HP02,General,2,0,500,E1043,1
9253920415.LIP_FORM,O0050,E1011 ,PP12,General,3,0,787,E1010,1
100260710.9_HOLES_PIERCE_EMBOSS,O0088,E057,PP12,General,1,0,70,E1010,1
100261520.1ST_DRAW,O0002,E040 ,HP06,General,1,0,1471,E1019,1
9253010242.LEAK_CHECK,O0048,E1054,LM01,General,2,0,602,E1010,1
9253010242.TOP_HOLES_PIERCE,O0070,E1011,PP09-13,General,1,0,355,E1010,1
F2839513.PART,O0123,E1031 ,PP06,General,3,0,200,E1043,1
FD202413.BLANK,O0019,E1031 ,PP06,General,5,0,500,E1043,1
FD202313.BLANK,O0019,E1031 ,PP06,General,6,0,500,E1043,1
9253920415.TOP_HOLES_PIERCE,O0070,E1011 ,PP09-13,General,2,0,247,E1010,1
B5503294.FOLD,O0037,E1037 ,PP03,General,3,0,308,E1015,1
9253920206.1ST_DRAW,O0002,E1030,PP08,General,1,0,450,E1043,1
9253920206.TRIM,O0072,E1030,PP08,General,3,0,450,E1015,1
9253920206.LETTER_PUNCH,O0049,E1030,PP08,General,6,0,450,E1015,1
100260710.1ST_DRAW,O0002,E1011,PP09,General,1,0,250,E1010,1
100260710.1ST_DRAW,O0002,E1011,PP09,General,5,0,350,E1010,1
100260710.2ND_DRAW,O0003,E1011,PP10,General,1,0,250,E1010,1
100260710.2ND_DRAW,O0003,E1011,PP10,General,6,0,350,E1010,1
100260710.TRIM,O0072,E1011,PP11,General,2,0,250,E1010,1
100260710.9_HOLES_PIERCE_EMBOSS,O0088,E1011,PP12,General,2,0,250,E1010,1
100260710.TOP_SIDE_HOLES_PIERCE,O0071,E1027 ,PP04,General,1,0,750,E1015,1
100260710.TOP_SIDE_HOLES_PIERCE,O0071,E1027 ,PP04,General,1,0,1250,E1043,1
9253920206.TRIM,O0072,E1030,PP08,General,1,0,550,E1043,1
F5058914.PARTNO_PUNCH,O0127,E1024,PP02,General,1,0,128,E1043,1
100260710.1ST_DRAW,O0002,E1011,PP09,General,2,0,250,E1010,1
100260710.1ST_DRAW,O0002,E1011,PP09,General,5,0,250,E1010,1
100260710.1ST_DRAW,O0002,E1011,PP09,General,7,0,250,E1010,1
100260710.2ND_DRAW,O0003,E1011,PP10,General,2,0,250,E1010,1
100260710.2ND_DRAW,O0003,E1011,PP10,General,4,0,250,E1010,1
100260710.2ND_DRAW,O0003,E1011,PP10,General,6,0,250,E1010,1
100260710.2ND_DRAW,O0003,E1011,PP10,General,8,0,150,E1010,1
100260710.TRIM,O0072,E1011,PP11,General,3,0,250,E1010,1
100260710.TRIM,O0072,E1011,PP11,General,5,0,250,E1010,1
100260710.TRIM,O0072,E1011,PP11,General,7,0,250,E1010,1
100260710.9_HOLES_PIERCE_EMBOSS,O0088,E1011,PP12,General,8,0,150,E1010,1
100260710.TOP_SIDE_HOLES_PIERCE,O0071,E1011,PP13,General,3,0,250,E1010,1
100260710.TOP_SIDE_HOLES_PIERCE,O0071,E1011,PP13,General,6,0,250,E1010,1
100260710.TOP_SIDE_HOLES_PIERCE,O0071,E1011,PP13,General,8,0,150,E1010,1
9259076592.1ST_DRAW,O0002,E1011,PP09,General,3,0,500,E1010,1
9259076592.1ST_DRAW,O0002,E1011,PP09,General,4,0,500,E1010,1
9259076592.1ST_DRAW,O0002,E1011,PP09,General,8,0,198,E1010,1
9253920205.BLANK,O0019,E1024,BL01,General,2,0,1500,E1024,1
9259076592.2ND_DRAW,O0003,E1011,PP10,General,1,0,500,E1010,1
9259076592.2ND_DRAW,O0003,E1011,PP10,General,3,0,500,E1010,1
9259076592.2ND_DRAW,O0003,E1011,PP10,General,5,0,500,E1010,1
9259076592.TRIM,O0072,E1011,PP11,General,2,0,500,E1010,1
9259076592.TRIM,O0072,E1011,PP11,General,7,0,500,E1010,1
9259076592.RELEASE_PUNCH,O0059,E1011,PP12,General,1,0,500,E1010,1
9259076592.RELEASE_PUNCH,O0059,E1011,PP12,General,6,0,500,E1010,1
9259076592.TOP_HOLES_PIERCE,O0070,E1011,PP13,General,2,0,500,E1010,1
9259076592.TOP_HOLES_PIERCE,O0070,E1011,PP13,General,4,0,500,E1010,1
9259076592.TOP_HOLES_PIERCE,O0070,E1011,PP13,General,8,0,198,E1010,1
F7900714.CENTRE_PIERCE,O0020,E1043,PP02,General,1,0,508,E1043,1
9253920206.LIP_FORM,O0050,E1030,PP08,General,4,0,280,E1015,1
9253920206.DEBUR,O0026,E057,DB01,General,7,0,280,E1015,1
B5503206.BLANK,O0019,E1036,PP02,General,1,0,300,E1015,1
B5503208.BLANK,O0019,E1036,PP02,General,1,0,340,E1015,1
F7204510.OUTER_FORM,O0120,E1037,PP04,General,2,0,600,E1015,1
F7204510.HOLE_PIERCE,O0043,E1037,PP04,General,1,0,600,E1015,1
FL203313.CROP,O0102,E1037,PP04,General,2,0,500,E1015,1
9709010394.1ST_DRAW,O0002,E1043,HP05,General,1,0,512,E1015,1
100260650.TRIM,O0072,E057,PP11,General,1,0,2300,E1010,1
FL200713.FORM,O0041,E1037,PP02,General,1,0,1050,E1043,1
FL203613.FLANGE_FOLD,O0113,E1012,PP07,General,1,0,525,E1043,1
F5058914.PARTNO_PUNCH,O0127,E1032,MP01,General,3,0,340,E1043,1
9253920206.TOP_HOLES_PIERCE,O0070,E1030,PP08,General,4,0,720,E1043,1
F5058914.9_HOLES_PIERCE,O0010,E1024,PP02,General,1,0,2,E1024,1
9253920206.BLANK,O0019,E1024,BL01,General,1,0,3200,E1024,1
9259076592.NOTCH,O0051,E1011,NM01,General,1,0,2086,E1010,1
9259076592.ROBOT_CO2_WELD,O0060,E1011 ,ROW2,General,4,0,230,E1010,1
9709090124.COLLAR_FORM,O0022,E039,HP02,General,1,0,1000,E1015,1
9254916692.4TH_DRAW,O0005,E1027,HP03,General,1,0,668,E1043,1
B0Y17736.U_FOLD,O0096,E1037,PP03,General,2,0,1002,E1043,1
F2P00510-L_BRKT.5_HOLES_PIERCE,O0085,E1036 ,PP06,General,2,0,336,E1043,1
100261280.1ST_DRAW,O0002,E1011,PP09,General,4,0,180,E1010,1
100261280.2ND_DRAW,O0003,E1011,PP10,General,2,0,155,E1010,1
100261280.2ND_DRAW,O0003,E1011,PP10,General,5,0,158,E1010,1
100261280.TRIM,O0072,E1011,PP11,General,4,0,175,E1010,1
100261280.9_HOLES_PIERCE,O0010,E1011,PP12,General,2,0,155,E1010,1
100261280.9_HOLES_PIERCE,O0010,E1011,PP12,General,5,0,158,E1010,1
100261280.EMBOSS,O0030,E1011,PP13,General,2,0,155,E1010,1
F2P00510-L_BRKT.BLANK,O0019,E057,PP07,General,1,0,336,E1043,1
9259076592.BLANK,O0019,E1024,BL01,General,1,0,2000,E1024,1
F1105313-WHEEL_NUT.10_HOLES_PIERCE,O0076,E1012 ,PP07,General,1,0,1089,E1043,1
F6A01313.BLANK_2_HOLES_PIERCE,O0089,E1037,PP03,General,1,0,510,E1043,1
F6A01413.FOLD,O0037,E1037,PP03,General,5,0,510,E1043,1
9259076592.1ST_DRAW,O0002,E1011,PP09,General,2,0,330,E1010,1
9259076592.TRIM,O0072,E1011,PP11,General,2,0,291,E1010,1
9259076592.2ND_DRAW,O0003,E1011,PP10,General,4,0,180,E1010,1
9259076592.TRIM,O0072,E1011,PP11,General,2,0,280,E1010,1
9259076592.TRIM,O0072,E1011,PP11,General,6,0,230,E1010,1
9259076592.RELEASE_PUNCH,O0059,E1011,PP12,General,3,0,120,E1010,1
9259076592.RELEASE_PUNCH,O0059,E1011,PP12,General,6,0,230,E1010,1
9259076592.RELEASE_PUNCH,O0059,E1011,PP12,General,7,0,329,E1010,1
9259076592.TOP_HOLES_PIERCE,O0070,E1011,PP13,General,4,0,180,E1010,1
9259076592.TOP_HOLES_PIERCE,O0070,E1011,PP13,General,6,0,230,E1010,1
F8753414-ACC_CABLE.PARTNO_PUNCH,O0127,E1029,MP01,General,1,0,540,E1043,1
9259076592.NOTCH,O0051,E1050,NM01,General,3,0,736,E1010,1
9259076592.ROBOT_CO2_WELD,O0060,E1050,ROW2,General,3,0,880,E1010,1
FL203213.4_HOLES_PIERCE2,O0083,E1029,PP06,General,2,0,500,E1043,1
9259076592.RELEASE_PUNCH,O0059,E1011,PP12,General,2,0,291,E1010,1
9259076592.TOP_HOLES_PIERCE,O0070,E1011,PP13,General,2,0,291,E1010,1
F2834413.FORM,O0041,E1047,HP02,General,1,0,230,E1043,1
F2834413.FORM,O0041,E1047,HP02,General,5,0,150,E1043,1
100262820.FORM,O0041,E057,PP07,General,4,0,1280,E1043,1
9253920205.2ND_DRAW,O0003,E1043,PP08,General,2,0,1500,E1043,1
9253920206.2ND_DRAW,O0003,E1012,PP08,General,2,0,3200,E1043,1
9253920206.LETTER_PUNCH,O0049,E1012,PP08,General,6,0,3200,E1043,1
9709090124.3RD_DRAW,O0004,E1046,HP04,General,1,0,650,E1043,1
100260650.CO2_WELD,O0021,E1051,MIG01,General,3,0,240,E1010,1
B1E23401-LEVER_ARM.FORM,O0041,E1024,PP02,General,2,0,612,E1024,1
9253920205.DEBUR,O0026,E1043,PP08,General,1,0,1500,E1043,1
9259076592.2ND_DRAW,O0003,E1011,PP10,General,2,0,2182,E1010,1
9259076592.NOTCH,O0051,E1050,NM01,General,1,0,375,E1010,1
9259076592.NOTCH,O0051,E1050,NM01,General,2,0,327,E1010,1
9259076592.ROBOT_CO2_WELD,O0060,E1050,ROW2,General,1,0,375,E1010,1
9259076592.ROBOT_CO2_WELD,O0060,E1050,ROW2,General,2,0,327,E1010,1
F1146514.PARTNO_PUNCH,O0127,E1032,PP06,General,2,0,120,E1043,1
100260710.BLANK,O0019,E1024,BL01,General,1,0,2635,E1024,1
9254916692.NOTCH,O0051,E1032,MP01,General,2,0,300,E1043,1
B5433269.SPOT_WELD,O0068,E1052,SW01,General,3,0,583,E1010,1
F2834413.TRIM_3_HOLES_PIERCE_PART,O0148,E1012,PP07,General,1,0,450,E1043,1
100261121.HOLE_PIERCE,O0043,E1036,PP02,General,1,0,380,E1043,1
100261280.9_HOLES_PIERCE,O0010,E1011,PP12,General,1,0,1618,E1010,1
100260710.DEBUR,O0026,E1011,DB01,General,1,0,1200,E1010,1
F7182114.4_HOLES_PIERCE,O0013,E1036,PP02,General,3,0,800,E1043,1
B1E20504-GUSSET_40NOS_STRIP.BLANK,O0019,E1031,PP06,General,1,0,600,E1043,1
9709090124.1ST_DRAW,O0002,E1033,HP02,General,1,0,760,E1043,1
100261121.SIDE_HOLES_PIERCE,O0063,E1032,PP04,General,2,0,380,E1043,1
9709090124.COLLAR_FORM,O0022,E056,HP03,General,1,0,200,E1043,1
9253920415.1ST_DRAW,O0002,E1011,PP09,General,3,0,787,E1010,1
9259076592.TRIM,O0072,E1011,PP11,General,1,0,2110,E1010,1
9253920415.TRIM,O0072,E1011,PP11,General,3,0,787,E1010,1
9259076592.TOP_HOLES_PIERCE,O0070,E1011,PP13,General,1,0,2110,E1010,1
9259076592.ROBOT_CO2_WELD,O0060,E1024,ROW2,General,1,0,327,E1010,1
100260710.CO2_WELD,O0021,E1051,MIG01,General,1,0,278,E1010,1
B5503207.SPOT_WELD,O0068,E1052,SW01,General,2,0,610,E1010,1
9259076592.LEAK_CHECK,O0048,E1054,ROW2,General,1,0,188,E1010,1
100260710.TOP_SIDE_HOLES_PIERCE,O0071,E057,PP13,General,2,0,69,E1010,1
FL204913.FLANGE_FOLD,O0113,E1032,PP02,General,2,0,504,E1043,1
FL204913.BLANK_2_HOLES_PIERCE,O0089,E057,PP03,General,2,0,504,E1043,1
100260650.CO2_WELD,O0021,E1051,MIG01,General,4,0,476,E1010,1
9253920206.TOP_HOLES_PIERCE,O0070,E1030,PP08,General,5,0,3000,E1043,1
9259076592.1ST_DRAW,O0002,E057,PP09,General,3,0,70,E1010,1
9259076592.2ND_DRAW,O0003,E057,PP10,General,5,0,580,E1010,1
9259076592.TRIM,O0072,E057,PP11,General,4,0,280,E1010,1
9259076592.RELEASE_PUNCH,O0059,E057,PP12,General,4,0,280,E1010,1
9259076592.TOP_HOLES_PIERCE,O0070,E057,PP13,General,5,0,580,E1010,1
100262820.CO2_WELD,O0021,E1059,MIG06,General,2,0,1680,E1010,1
9259076592.NOTCH,O0051,E1053,NM01,General,3,0,1004,E1010,1
100260650.CO2_WELD,O0021,E1059,MIG01,General,1,0,868,E1010,1
9254916692.1ST_DRAW,O0002,E057,HP06,General,2,0,108,E1016,1
9254916692.3RD_DRAW,O0004,E1001,HP05,Second,2,0,60,E1016,1
9254916692.2ND_DRAW,O0003,E1028,HP04,Second,5,0,100,E1016,1
100260710.2ND_DRAW,O0003,E057,PP10,Second,3,0,50,E1016,1
100260710.TOP_SIDE_HOLES_PIERCE,O0071,E057,PP13,Second,1,0,550,E1016,1
9254916692.4TH_DRAW,O0005,E1001,HP05,Second,3,0,153,E1043,1
9254916692.1ST_DRAW,O0002,E057,HP06,Second,2,0,100,E1016,1
9259076592.ROBOT_CO2_WELD,O0060,E1024,ROW2,General,2,0,310,E1060,1
B5437305-F2866313.BLANK,O0019,E1031,PP06,General,3,0,504,E1043,1
B0Y17723.4_HOLES_PIERCE,O0013,E1027,PP04,General,4,0,728,E1043,1
FL204913.U_FOLD,O0096,E1037,PP03,General,2,0,504,E1043,1
B0Y17723.FOLD,O0037,E1037,PP03,General,6,0,728,E1043,1
B5437304-F2866213.FOLD,O0037,E1035,HP02,General,1,0,504,E1043,1
100260710.BLANK,O0019,E1024,BL01,General,1,0,3680,E1024,1
9253920206.TRIM,O0072,E1011,PP11,General,3,0,269,E1043,1
FD203113.FORM,O0041,E1032,PP03,General,1,0,576,E1043,1
100262820.CO2_WELD,O0021,E1059,MIG06,General,1,0,1000,E1010,1
9259076592.1ST_DRAW,O0002,E057,PP09,General,2,0,1150,E1010,1
9259076592.RELEASE_PUNCH,O0059,E057,PP12,General,2,0,1150,E1010,1
100262820.FORM,O0041,E057,PP07,General,1,0,1000,E1043,1
100261520.1ST_DRAW,O0002,E040,HP05,General,1,0,682,E1043,1
F2835113.FOLD,O0037,E1035,HP02,General,4,0,500,E1043,1
B5437305-F2866313.PARTNO_PUNCH,O0127,E1035,MP01,General,2,0,504,E1043,1
FD202513.PART,O0123,E1029,PP04,General,1,0,560,E1043,1
100261280.1ST_DRAW,O0002,E1011,PP09,General,2,0,240,E1010,1
100261280.2ND_DRAW,O0003,E1011,PP10,General,2,0,220,E1010,1
100261280.9_HOLES_PIERCE,O0010,E1011,PP12,General,3,0,230,E1010,1
100261280.EMBOSS,O0030,E1011,PP13,General,4,0,100,E1010,1
100261280.1ST_DRAW,O0002,E1011,PP09,Second,2,0,300,E1043,1
100261280.1ST_DRAW,O0002,E1011,PP09,Second,6,0,200,E1043,1
100261280.TRIM,O0072,E1011,PP11,Second,3,0,200,E1043,1
100261280.9_HOLES_PIERCE,O0010,E1011,PP12,Second,5,0,200,E1043,1
100261280.EMBOSS,O0030,E1011,PP13,Second,1,0,200,E1043,1
100261280.EMBOSS,O0030,E1011,PP13,Second,5,0,200,E1043,1
100261280.EMBOSS,O0030,E1011,PP13,Second,6,0,200,E1043,1
B0Y18723.SPOT_WELD,O0068,E1052,SW01,General,1,0,306,E1010,1
B0Y18723.CENTRE_PIERCE,O0020,E1030,PP08,General,3,0,306,E1043,1
100261281.EMBOSS,O0030,E1011,PP10,General,1,0,230,E1010,1
FE300513.CROP2,O0109,E1047,HP02,General,1,0,510,E1043,1
F1105313-WHEEL_NUT.CENTRE_PIERCE,O0020,E1027,PP04,General,1,0,1000,E1043,1
9259076592.ROBOT_CO2_WELD,O0060,E1024,ROW2,General,1,0,609,E1010,1
9254916692.1ST_DRAW,O0002,E057,HP06,Second,1,0,200,E1043,1
9254916692.2ND_DRAW,O0003,E1028,HP04,Second,1,0,200,E1043,1
9253010242.TOP_HOLES_PIERCE,O0070,E1011,PP09-13,General,3,0,360,E1010,1
100262820.CO2_WELD,O0021,E1059,MIG06,General,1,0,262,E1010,1
9259076592.ROBOT_CO2_WELD,O0060,E1054,ROW2,General,1,0,282,E1010,1
100260710.2ND_DRAW,O0003,E1011,PP10,General,1,0,120,E1010,1
100260710.2ND_DRAW,O0003,E1011,PP10,General,4,0,220,E1010,1
100260710.2ND_DRAW,O0003,E1011,PP10,General,5,0,260,E1010,1
100260710.2ND_DRAW,O0003,E1011,PP10,General,7,0,355,E1010,1
100260710.TRIM,O0072,E1011,PP11,General,3,0,240,E1010,1
100260710.TRIM,O0072,E1011,PP11,General,6,0,240,E1010,1
100260710.9_HOLES_PIERCE_EMBOSS,O0088,E1011,PP12,General,3,0,240,E1010,1
100260710.9_HOLES_PIERCE_EMBOSS,O0088,E1011,PP12,General,6,0,240,E1010,1
100260710.TOP_SIDE_HOLES_PIERCE,O0071,E057,PP13,General,7,0,355,E1010,1
100260710.1ST_DRAW,O0002,E057,PP09,General,1,0,1865,E1010,1
100260710.9_HOLES_PIERCE_EMBOSS,O0088,E057,PP12,General,1,0,1865,E1010,1
100260710.1ST_DRAW,O0002,E1011,PP09,General,5,0,260,E1010,1
100260710.1ST_DRAW,O0002,E1011,PP09,General,6,0,355,E1010,1
B0Y17788.SPOT_WELD,O0068,E1056,SW01,General,1,0,315,E1010,1
100262820.CO2_WELD,O0021,E1059,MIG06,General,1,0,2668,E1010,1
9259076592.ROBOT_CO2_WELD,O0060,E1024,ROW2,General,1,0,708,E1010,1
9253920206.1ST_DRAW,O0002,E1011,PP09,General,1,0,4131,E1010,1
F7H00114.BLANK_CENTRE_PIERCE,O0094,E1024,SH01,General,1,0,1590,E1024,1
B2J00701-FA901214.18_HOLE_PIERCE_WITH_CROP,O0079,E1031,PP06,General,2,0,513,E1019,1
9254916692.TRIM,O0072,E057,HP05,General,1,0,1035,E1019,1
B5433269.END_CROP,O0111,E1046,PP04,General,1,0,506,E1019,1
9253010242.LEAK_CHECK,O0048,E1054,LM01,General,2,0,1050,E1010,1
F1105313-WHEEL_NUT.10_HOLES_PIERCE,O0076,E1043,HP05,General,3,0,1000,E1043,1
9709010394.COLLAR_FORM,O0022,E1043,HP05,General,4,0,44,E1043,1
9253920206.2ND_DRAW,O0003,E1011,PP10,General,1,0,4131,E1010,1
F2834413.FORM,O0041,E1035,HP02,General,1,0,432,E1043,1
F2834513.FORM,O0041,E1035,HP02,General,1,0,432,E1043,1
9709090124.BLANK,O0019,E1031,PP06,General,5,0,1000,E1043,1
F2834513.PARTNO_PUNCH,O0127,E039,MP01,General,2,0,432,E1043,1
9253010242.ROBOT_CO2_WELD,O0060,E1054,ROW2,General,3,0,242,E1010,1
9259076592.BLANK,O0019,E1024,BL01,General,1,0,4410,E1024,1
9709090124.COLLAR_FORM,O0022,E056,HP03,General,1,0,321,E1015,1
F2839613.RIB_FORM,O0132,E1031,PP06,General,2,0,200,E1043,1
F1146514.BLANK,O0019,E1031,PP06,General,9,1,500,E1043,1
B5503203.BLANK,O0019,E1031,PP06,General,12,1,300,E1043,1
B5437305-F2866313.FOLD,O0037,E1035,HP02,General,15,1,100,E1043,1
FD201713.FORM,O0041,E1037,PP04,General,3,0,567,E1043,1
B5433265-F2862613.RIB_FORM2,O0134,E1032,HP02,General,3,0,298,E1043,1
FD202413.PART_HOLE_PIERCE,O0126,E1027,PP02,General,1,0,499,E1043,1
FD202413.FLARE,O0114,E1027,PP02,General,3,0,499,E1043,1
B5433265-F2862713.FORM,O0041,E1035,HP02,General,2,0,504,E1043,1
B5433265-F2862713.PARTNO_PUNCH,O0127,E1036,MP01,General,1,0,504,E1043,1
B5503208.FORM,O0041,E039,PP03,General,1,0,304,E1043,1
B5503208.2_HOLES_PIERCE,O0008,E1036,PP02,General,1,0,304,E1043,1
9253010242.ROBOT_CO2_WELD,O0060,E1054,ROW2,General,1,0,310,E1010,1
B0Y17771.SPOT_WELD,O0068,E1052,SW01,General,1,0,908,E1010,1
9709090124.COLLAR_FORM,O0022,E056,HP03,General,2,0,530,E1015,1
100261520.LEAK_CHECK,O0048,E1024,LM01,General,4,0,196,E1010,1
9253010242.LEAK_CHECK,O0048,E1054,LM01,General,1,0,310,E1010,1
B5503204.FOLD,O0037,E1036,PP03,General,4,0,300,E1043,1
B5437305-F2866313.U_FOLD,O0096,E1035,HP02,General,4,0,504,E1043,1
B0Y17729.4_HOLES_PIERCE,O0013,E1012,PP07,General,2,0,100,E1043,1
9253920205.SIDE_4_HOLE_PIERCE,O0061,E1027,PP04,General,1,0,2917,E1015,1
B0105204-F1M03414.FORM,O0041,E1047,HP02,General,1,0,210,E1015,1
9709090124.BLANK,O0019,E040,HP04,Second,1,0,3100,E1043,1
9709090124.COLLAR_FORM,O0022,E056,HP03,General,3,0,264,E1015,1
9709090124.3RD_DRAW,O0004,E1033,HP06,General,2,0,445,E1015,1
B0Y17729.OUTER_TRIM,O0121,E1012,PP07,General,4,0,100,E1043,1
9259076592.ROBOT_CO2_WELD,O0060,E1024 ,ROW2,General,2,0,236,E1010,1
9259076592.NOTCH,O0051,E1053,NM01,General,2,0,107,E1010,1
9259076592.LEAK_CHECK,O0048,E1054,LM01,General,2,0,236,E1010,1
9259076592.LEAK_CHECK,O0048,E1054,LM01,General,4,0,20,E1010,1
100261520.LEAK_CHECK,O0048,E1024,LM01,General,1,0,224,E1010,1
B5503203.2_HOLES_PIERCE,O0008,E1037,PP03,General,1,0,300,E1043,1
B0105204-GUSSET2.2_HOLES_PIERCE,O0008,E1032,PP02,General,3,0,850,E1043,1
9259076592.ROBOT_CO2_WELD,O0060,E1024 ,ROW2,General,1,0,200,E1010,1
B5503294.CROP_3_HOLES_PIERCE,O0105,E1031,PP06,General,3,0,308,E1015,1
9709090124.COLLAR_FORM,O0022,E056,HP03,General,1,0,130,E1015,1
B5503259.SPOT_WELD,O0068,E1052,SW01,General,2,0,202,E1010,1
B5503203.SPOT_WELD,O0068,E1052,SW01,General,2,0,300,E1010,1
F6A03013.RIB_FORM,O0132,E1037,PP03,General,1,0,357,E1043,1
9253920206.BLANK,O0019,E1024,BL01,General,1,0,2700,E1024,1
B6105404.SPOT_WELD,O0068,E1052,SW02,General,1,0,700,E1010,1
9253920206.DEBUR,O0026,E1030,DB01,General,1,0,2770,E1043,1
B6105404.CO2_WELD,O0021,E1052,MIG04,General,1,0,700,E1010,1
9259076592.NOTCH,O0051,E1053,NM01,General,3,0,380,E1010,1
9259076592.LEAK_CHECK,O0048,E1054,LM01,General,1,0,270,E1010,1
100262820.CURL,O0025,E1055,MIG03,General,1,0,800,E1010,1
100262820.CO2_WELD,O0021,E1055,MIG04,General,1,0,800,E1010,1
F6A03113.TRIM,O0072,E1036,PP03,General,2,0,357,E1043,1
9259076592.TOP_HOLES_PIERCE,O0070,E057,PP09-13,General,3,0,480,E1010,1
3700510002-3700510004.BLANK,O0019,E1031,PP06,Second,1,0,960,E1043,1
3700510002-3700510004.2ND_DRAW,O0003,E039,HP05,Second,1,0,150,E1043,1
3700510002-3700510004.3RD_DRAW,O0004,E040,HP05,Second,2,0,150,E1043,1
9259076592.TOP_HOLES_PIERCE,O0070,E057,PP09-13,Second,2,0,230,E1043,1
9259076592.TOP_HOLES_PIERCE,O0070,E057,PP09-13,Second,7,0,150,E1043,1
F0708010.SQUARE_CUT1,O0138,E1037,PP04,General,1,0,10,E1015,1
9259076592.TOP_HOLES_PIERCE,O0070,E057,PP09-13,General,1,0,207,E1010,1
100261280.CO2_WELD,O0021,E1059,MIG01,General,1,0,152,E1010,1
B5437304-F2866213.PARTNO_PUNCH,O0127,E1030,PP02,General,1,0,504,E1043,1
B5437305-F2866313.PARTNO_PUNCH,O0127,E1030,PP02,General,2,0,504,E1043,1
F7205310.SHEAR,O0001,E057,BL01,General,1,0,1050,E1024,0
100260710.BLANK,O0019,E1024,BL01,General,1,0,2000,E1024,0
9253920206.BLANK,O0019,E1024,BL01,General,2,0,2000,E1024,0
9253920206.2ND_DRAW,O0003,E1030,PP08,General,2,0,450,E1043,0
9253920206.LIP_FORM,O0050,E1030,PP08,General,4,0,450,E1015,0
9253920206.TOP_HOLES_PIERCE,O0070,E1030,PP08,General,5,0,450,E1015,0
9253920206.1ST_DRAW,O0002,E1030,PP08,General,7,0,550,E1015,0
9253920206.2ND_DRAW,O0003,E1030,PP08,General,8,0,550,E1015,0
100260710.1ST_DRAW,O0002,E1011,PP09,General,2,0,250,E1010,0
100260710.1ST_DRAW,O0002,E1011,PP09,General,3,0,250,E1010,1
100260710.1ST_DRAW,O0002,E1011,PP09,General,4,0,300,E1010,0
100260710.1ST_DRAW,O0002,E1011,PP09,General,6,0,350,E1010,0
100260710.1ST_DRAW,O0002,E1011,PP09,General,7,0,300,E1010,0
100260710.2ND_DRAW,O0003,E1011,PP10,General,2,0,250,E1010,0
100260710.2ND_DRAW,O0003,E1011,PP10,General,3,0,250,E1010,0
100260710.2ND_DRAW,O0003,E1011,PP10,General,4,0,250,E1010,0
100260710.2ND_DRAW,O0003,E1011,PP10,General,5,0,350,E1010,0
100260710.2ND_DRAW,O0003,E1011,PP10,General,7,0,300,E1010,0
100260710.TRIM,O0072,E1011,PP11,General,1,0,250,E1010,0
100260710.TRIM,O0072,E1011,PP11,General,3,0,250,E1010,0
100260710.TRIM,O0072,E1011,PP11,General,4,0,250,E1010,0
100260710.TRIM,O0072,E1011,PP11,General,5,0,350,E1010,0
100260710.TRIM,O0072,E1011,PP11,General,6,0,350,E1010,1
100260710.TRIM,O0072,E1011,PP11,General,7,0,300,E1010,0
100260710.9_HOLES_PIERCE_EMBOSS,O0088,E1011,PP12,General,1,0,250,E1010,0
100260710.9_HOLES_PIERCE_EMBOSS,O0088,E1011,PP12,General,3,0,250,E1010,0
100260710.9_HOLES_PIERCE_EMBOSS,O0088,E1011,PP12,General,4,0,250,E1010,0
100260710.9_HOLES_PIERCE_EMBOSS,O0088,E1011,PP12,General,5,0,350,E1010,1
100260710.9_HOLES_PIERCE_EMBOSS,O0088,E1011,PP12,General,6,0,350,E1010,0
100260710.9_HOLES_PIERCE_EMBOSS,O0088,E1011,PP12,General,7,0,300,E1010,0
F5058914.9_HOLES_PIERCE,O0010,E1024,PP02,General,1,0,128,E1043,0
9254916692.BLANK,O0019,E1031,PP06,General,2,0,882,E1015,0
F5058914.FOLD,O0037,E1024,PP04,General,1,0,128,E1015,0
FL203313.4_HOLES_PIERCE1,O0082,E1027,PP04,General,2,0,500,E1015,0
9701910114.BLANK,O0019,E1024,BL01,General,1,0,2500,E1024,0
100260710.BLANK,O0019,E1024,BL01,General,2,0,1900,E1024,0
9253920206.LIP_FORM,O0050,E1030,PP08,General,2,0,550,E1043,0
9253920206.TOP_HOLES_PIERCE,O0070,E1030,PP08,General,3,0,550,E1043,0
9253920206.LETTER_PUNCH,O0049,E1030,PP08,General,4,0,550,E1043,0
F5058914.CROP,O0102,E1024,PP04,General,1,0,128,E1043,0
9259076592.BLANK,O0019,E1010,BL01,General,1,0,3698,E1024,1
100260710.1ST_DRAW,O0002,E1011,PP09,General,1,0,250,E1010,0
100260710.1ST_DRAW,O0002,E1011,PP09,General,3,0,250,E1010,0
100260710.1ST_DRAW,O0002,E1011,PP09,General,4,0,250,E1010,0
100260710.1ST_DRAW,O0002,E1011,PP09,General,6,0,250,E1010,0
100260710.1ST_DRAW,O0002,E1011,PP09,General,8,0,150,E1010,0
100260710.2ND_DRAW,O0003,E1011,PP10,General,1,0,250,E1010,1
100260710.2ND_DRAW,O0003,E1011,PP10,General,3,0,250,E1010,0
100260710.2ND_DRAW,O0003,E1011,PP10,General,5,0,250,E1010,0
100260710.2ND_DRAW,O0003,E1011,PP10,General,7,0,250,E1010,0
100260710.TRIM,O0072,E1011,PP11,General,1,0,250,E1010,0
100260710.TRIM,O0072,E1011,PP11,General,2,0,250,E1010,0
100260710.TRIM,O0072,E1011,PP11,General,4,0,250,E1010,0
100260710.TRIM,O0072,E1011,PP11,General,6,0,250,E1010,0
100260710.TRIM,O0072,E1011,PP11,General,8,0,150,E1010,0
100260710.9_HOLES_PIERCE_EMBOSS,O0088,E1011,PP12,General,1,0,250,E1010,0
100260710.9_HOLES_PIERCE_EMBOSS,O0088,E1011,PP12,General,2,0,250,E1010,0
100260710.9_HOLES_PIERCE_EMBOSS,O0088,E1011,PP12,General,3,0,250,E1010,1
100260710.9_HOLES_PIERCE_EMBOSS,O0088,E1011,PP12,General,4,0,250,E1010,0
100260710.9_HOLES_PIERCE_EMBOSS,O0088,E1011,PP12,General,5,0,250,E1010,0
100260710.9_HOLES_PIERCE_EMBOSS,O0088,E1011,PP12,General,6,0,250,E1010,0
100260710.9_HOLES_PIERCE_EMBOSS,O0088,E1011,PP12,General,7,0,250,E1010,0
100260710.TOP_SIDE_HOLES_PIERCE,O0071,E1011,PP13,General,1,0,250,E1010,0
100260710.TOP_SIDE_HOLES_PIERCE,O0071,E1011,PP13,General,2,0,250,E1010,0
100260710.TOP_SIDE_HOLES_PIERCE,O0071,E1011,PP13,General,4,0,250,E1010,1
100260710.TOP_SIDE_HOLES_PIERCE,O0071,E1011,PP13,General,5,0,250,E1010,0
100260710.TOP_SIDE_HOLES_PIERCE,O0071,E1011,PP13,General,7,0,250,E1010,0
9259076592.1ST_DRAW,O0002,E1011,PP09,General,1,0,500,E1010,0
9259076592.1ST_DRAW,O0002,E1011,PP09,General,2,0,500,E1010,0
9259076592.1ST_DRAW,O0002,E1011,PP09,General,5,0,500,E1010,0
9259076592.1ST_DRAW,O0002,E1011,PP09,General,6,0,500,E1010,1
9259076592.1ST_DRAW,O0002,E1011,PP09,General,7,0,500,E1010,0
9701910114.BLANK,O0019,E1024,BL01,General,1,0,1980,E1024,1
9259076592.2ND_DRAW,O0003,E1011,PP10,General,2,0,500,E1010,0
9259076592.2ND_DRAW,O0003,E1011,PP10,General,4,0,500,E1010,0
9259076592.2ND_DRAW,O0003,E1011,PP10,General,6,0,500,E1010,0
9259076592.2ND_DRAW,O0003,E1011,PP10,General,7,0,500,E1010,1
9259076592.2ND_DRAW,O0003,E1011,PP10,General,8,0,198,E1010,0
9259076592.TRIM,O0072,E1011,PP11,General,1,0,500,E1010,0
9259076592.TRIM,O0072,E1011,PP11,General,3,0,500,E1010,1
9259076592.TRIM,O0072,E1011,PP11,General,4,0,500,E1010,0
9259076592.TRIM,O0072,E1011,PP11,General,5,0,500,E1010,0
9259076592.TRIM,O0072,E1011,PP11,General,6,0,500,E1010,0
9259076592.TRIM,O0072,E1011,PP11,General,8,0,198,E1010,1
9259076592.RELEASE_PUNCH,O0059,E1011,PP12,General,2,0,500,E1010,0
9259076592.RELEASE_PUNCH,O0059,E1011,PP12,General,3,0,500,E1010,0
9259076592.RELEASE_PUNCH,O0059,E1011,PP12,General,4,0,500,E1010,0
9259076592.RELEASE_PUNCH,O0059,E1011,PP12,General,5,0,500,E1010,1
9259076592.RELEASE_PUNCH,O0059,E1011,PP12,General,7,0,500,E1010,0
9259076592.RELEASE_PUNCH,O0059,E1011,PP12,General,8,0,198,E1010,0
9259076592.TOP_HOLES_PIERCE,O0070,E1011,PP13,General,1,0,500,E1010,1
9259076592.TOP_HOLES_PIERCE,O0070,E1011,PP13,General,3,0,500,E1010,0
9259076592.TOP_HOLES_PIERCE,O0070,E1011,PP13,General,5,0,500,E1010,0
9259076592.TOP_HOLES_PIERCE,O0070,E1011,PP13,General,6,0,500,E1010,0
9259076592.TOP_HOLES_PIERCE,O0070,E1011,PP13,General,7,0,500,E1010,0
F7900714.SHEAR,O0001,E1024,NULL,General,1,0,1008,E1024,0
F8419814.SHEAR,O0001,E1024,SH01,General,2,0,320,E1024,1
F2860713.SHEAR,O0001,E1024,SH01,General,3,0,1800,E1024,0
9253920206.1ST_DRAW,O0002,E1030,PP08,General,1,0,280,E1015,0
9253920206.2ND_DRAW,O0003,E1030,PP08,General,2,0,280,E1015,1
9253920206.TRIM,O0072,E1030,PP08,General,3,0,280,E1015,0
9253920206.TOP_HOLES_PIERCE,O0070,E1030,PP08,General,5,0,280,E1015,0
9253920206.LETTER_PUNCH,O0049,E1030,PP08,General,6,0,280,E1015,1
9253920206.DEBUR,O0026,E057,DB01,General,8,0,1000,E1015,0
9709090124.BLANK,O0019,E1036,PP02,General,2,0,1000,E1015,0
B5503206.FORM,O0041,E1036,PP04,General,1,0,300,E1015,0
B5503206.2_HOLES_PIERCE,O0008,E1036,PP02,General,1,0,300,E1015,0
B5503208.FORM,O0041,E1036,PP08,General,1,0,340,E1015,0
B5503208.2_HOLES_PIERCE,O0008,E1036,PP08,General,1,0,340,E1015,0
F7204510.BLANK,O0019,E1037,PP04,General,1,0,600,E1015,1
F7204510.U_FORM,O0157,E1037,PP04,General,3,0,600,E1015,0
FL203313.FORM,O0041,E1029,HP02,General,1,0,500,E1015,0
FL203313.TRIM1,O0155,E1012,PP07,General,1,0,500,E1015,0
FL203313.REFORM,O0130,E1012,PP08,General,1,0,500,E1015,1
FL203313.TRIM2,O0156,E1037,PP02,General,1,0,500,E1015,0
FL203313.4_HOLES_PIERCE2,O0083,E1032,PP07,General,1,0,500,E1015,0
9254916692.1ST_DRAW,O0002,E1033,HP04,General,1,0,882,E1015,0
9254916692.2ND_DRAW,O0003,E1033,HP05,General,1,0,882,E1015,1
9254916692.3RD_DRAW,O0004,E040,MIG06,General,1,0,882,E1015,0
9254916692.4TH_DRAW,O0005,E039,HP03,General,1,0,882,E1015,0
9709010394.BLANK,O0019,E040,HP06,General,1,0,880,E1015,0
9709010394.2ND_DRAW,O0003,E1043,HP05,General,1,0,512,E1015,0
9709010394.3RD_DRAW,O0004,E1043,HP05,General,1,0,512,E1015,0
9709010394.COLLAR_FORM,O0022,E1043,HP05,General,1,0,512,E1015,1
9709010394.TRIM,O0072,E1043,HP05,General,1,0,512,E1015,0
B5437305-F2866313.BLANK,O0019,E1031,PP06,General,3,0,672,E1043,0
B5503206.SPOT_WELD,O0068,E1010,SW01,General,1,0,300,E1024,1
B5503208.SPOT_WELD,O0068,E1010,SW01,General,2,0,340,E1024,0
100260650.BLANK,O0019,E1024,BL01,General,1,0,2300,E1024,0
F8419814.CENTRE_PIERCE,O0020,E1032 ,PP03,General,1,0,320,E1043,0
100260650.1ST_DRAW,O0002,E057,PP09,General,1,0,2300,E1010,0
100260650.2ND_DRAW,O0003,E057,PP10,General,1,0,2300,E1010,1
100260650.9_HOLES_PIERCE,O0010,E057,PP12,General,1,0,2300,E1010,0
100260650.EMBOSS,O0030,E057,PP13,General,1,0,2300,E1010,0
100260710.DEBUR,O0026,E057,DB01,General,1,0,1000,E1010,0
100260710.DEBUR,O0026,E057,DB01,General,3,0,400,E1010,1
100260710.CO2_WELD,O0021,E057,MIG01,General,1,0,1000,E1010,0
100260710.CO2_WELD,O0021,E057,MIG01,General,2,0,600,E1010,0
100260710.CO2_WELD,O0021,E057,MIG01,General,3,0,400,E1010,1
FL200713.BLANK_2_HOLES_PIERCE,O0089,E1036,PP03,General,1,0,1050,E1043,0
F7900714.CENTRE_PIERCE,O0020,E1043,PP02,General,1,0,500,E1043,1
FA974313.8_HOLES_PIERCE,O0009,E1027 ,PP02,General,1,0,620,E1043,0
FL203613.BLANK,O0019,E1012,PP07,General,1,0,525,E1043,0
FL203713.BLANK,O0019,E1012,PP07,General,2,0,525,E1043,1
9253920206.1ST_DRAW,O0002,E1030,PP08,General,1,0,720,E1043,0
F5058914.9_HOLES_PIERCE,O0010,E1031 ,PP06,General,1,0,340,E1043,0
F5058914.CROP,O0102,E1031,PP06,General,2,0,340,E1043,1
9254916692.BLANK,O0019,E1031,PP06,General,3,0,1062,E1043,0
FL203613.U_FOLD,O0096,E1012,PP07,General,2,0,525,E1043,0
FL203613.PART,O0123,E1012,PP07,General,3,0,525,E1043,0
FL203713.FLANGE_FOLD,O0113,E1012,PP07,General,4,0,525,E1043,1
B5437304-F2866213.FOLD,O0037,E1035 ,HP02,General,1,0,671,E1043,0
F5058914.FOLD,O0037,E1035 ,HP02,General,3,0,340,E1043,0
B5437305-F2866313.U_FOLD,O0096,E1029,HP02,General,2,0,671,E1043,0
B5437304-F2866213.PARTNO_PUNCH,O0127,E1032,MP01,General,1,0,670,E1043,0
B5437305-F2866313.PARTNO_PUNCH,O0127,E1032,MP01,General,2,0,671,E1043,1
X1C06613.FORM1,O0115,E1037 ,PP03,General,1,0,1024,E1043,0
X1C06613.3_HOLES_PIERCE,O0012,E1037,PP03,General,2,0,1024,E1043,0
B0Y17741.FLANGE_FOLD,O0113,E1037,PP03,General,3,0,999,E1043,1
B0Y55402-OBD_BRKT.3_HOLES_PIERCE,O0012,E1027,PP04,General,1,0,1000,E1043,0
X1C06613.TRIM_10_HOLES_PIERCE,O0145,E1027,PP03,General,1,0,1024,E1043,0
X1C06613.FORM2,O0116,E1032,PP02,General,1,0,1024,E1043,1
FL203713.U_FOLD,O0096,E057 ,PP07,General,1,0,525,E1043,0
FL203713.PART,O0123,E057,PP07,General,2,0,525,E1043,0
9253920206.2ND_DRAW,O0003,E1030,PP08,General,1,0,720,E1043,1
9253920206.TRIM,O0072,E1030,PP08,General,2,0,720,E1043,0
9253920206.LIP_FORM,O0050,E1030,PP08,General,3,0,720,E1043,0
9253920206.LETTER_PUNCH,O0049,E1030,PP08,General,5,0,720,E1043,1
9253920206.DEBUR,O0026,E057,DB01,General,1,0,720,E1043,0
F5058914.PARTNO_PUNCH,O0127,E1024,PP02,General,2,0,2,E1024,0
F5058914.FOLD,O0037,E1024,PP04,General,1,0,2,E1024,0
F5058914.CROP,O0102,E1024,PP04,General,2,0,2,E1024,1
9709090124.SHEAR,O0001,E1024,NULL,General,1,0,2550,E1024,0
9254916692.TRIM,O0072,E057,PP11,General,1,0,882,E1010,0
9254916692.EMBOSS,O0030,E057,PP12,General,1,0,882,E1010,0
9709090124.BLANK,O0019,E1036,PP06,General,1,0,2550,E1043,1
9254916692.1ST_DRAW,O0002,E040 ,HP06,General,1,0,670,E1043,0
9254916692.2ND_DRAW,O0003,E039 ,HP04,General,1,0,670,E1043,0
9259076592.NOTCH,O0051,E1011,NM01,General,2,0,1352,E1010,0
9259076592.ROBOT_CO2_WELD,O0060,E1011 ,ROW2,General,1,0,2086,E1010,0
9259076592.LEAK_CHECK,O0048,E1011,ROW2,General,2,0,2086,E1010,1
9259076592.NOTCH,O0051,E1011,NM01,General,3,0,230,E1010,0
9259076592.LEAK_CHECK,O0048,E1011,ROW2,General,5,0,230,E1010,1
9259076592.LEAK_CHECK,O0048,E1011,ROW2,General,7,0,1352,E1010,0
9709090124.1ST_DRAW,O0002,E1033,HP06,General,1,0,1000,E1015,0
9709090124.2ND_DRAW,O0003,E1033,HP04,General,1,0,1000,E1015,0
9709090124.3RD_DRAW,O0004,E1033,HP05,General,1,0,1000,E1015,0
B0Y17736.FLANGE_FOLD,O0113,E1032 ,PP02,General,2,0,1002,E1043,1
B5503207.SPOT_WELD,O0068,E1052,SW01,General,1,0,900,E1010,0
9253920206.1ST_DRAW,O0002,E1012,PP08,General,1,0,2023,E1043,0
B0Y17741.U_FOLD,O0096,E1037,PP03,General,1,0,999,E1043,0
100261280.BLANK,O0019,E057,BL01,General,1,0,2634,E1010,0
F1105313-WHEEL_NUT.CENTRE_PIERCE,O0020,E1036,PP06,General,1,0,1089,E1043,0
100261280.1ST_DRAW,O0002,E1011,PP09,General,1,0,368,E1010,1
100261280.1ST_DRAW,O0002,E1011,PP09,General,2,0,368,E1010,0
100261280.1ST_DRAW,O0002,E1011,PP09,General,3,0,180,E1010,0
100261280.1ST_DRAW,O0002,E1011,PP09,General,5,0,158,E1010,1
100261280.2ND_DRAW,O0003,E1011,PP10,General,1,0,368,E1010,0
100261280.2ND_DRAW,O0003,E1011,PP10,General,3,0,160,E1010,0
100261280.2ND_DRAW,O0003,E1011,PP10,General,4,0,175,E1010,0
100261280.TRIM,O0072,E1011,PP11,General,1,0,368,E1010,1
100261280.TRIM,O0072,E1011,PP11,General,2,0,155,E1010,0
100261280.TRIM,O0072,E1011,PP11,General,3,0,160,E1010,0
100261280.TRIM,O0072,E1011,PP11,General,5,0,158,E1010,0
100261280.9_HOLES_PIERCE,O0010,E1011,PP12,General,1,0,368,E1010,0
100261280.9_HOLES_PIERCE,O0010,E1011,PP12,General,3,0,160,E1010,1
100261280.9_HOLES_PIERCE,O0010,E1011,PP12,General,4,0,175,E1010,0
100261280.EMBOSS,O0030,E1011,PP13,General,1,0,368,E1010,0
100261280.EMBOSS,O0030,E1011,PP13,General,3,0,160,E1010,0
100261280.EMBOSS,O0030,E1011,PP13,General,4,0,175,E1010,0
F1105313-WHEEL_NUT.FORM,O0041,E1035 ,HP02,General,1,0,1089,E1043,0
B0Y55402-OBD_BRKT.FOLD,O0037,E1029 ,MP01,General,1,0,1000,E1043,1
9701910114.BLANK,O0019,E1024,BL01,General,2,0,3554,E1024,0
9259076592.BLANK,O0019,E1024,BL01,General,3,0,2182,E1024,0
FL203213.TRIM1,O0155,E1012,PP07,General,2,0,500,E1043,0
FL203213.REFORM,O0130,E1012,PP07,General,3,0,500,E1043,1
FL203213.FORM,O0041,E1035,HP02,General,1,0,500,E1043,0
F6A01413.BLANK_2_HOLES_PIERCE,O0089,E1037,PP03,General,2,0,510,E1043,0
F8753414-ACC_CABLE.BEND,O0015,E1037 ,PP03,General,3,0,540,E1043,0
F6A01313.FOLD,O0037,E1037,PP03,General,4,0,510,E1043,1
FL203213.4_HOLES_PIERCE1,O0082,E1037,PP03,General,6,0,500,E1043,0
FL203213.CROP,O0102,E1037,PP03,General,7,0,209,E1043,0
FL203213.CROP,O0102,E1037,PP03,General,8,0,291,E1043,0
9259076592.1ST_DRAW,O0002,E1011,PP09,General,1,0,360,E1010,0
9259076592.1ST_DRAW,O0002,E1011,PP09,General,3,0,280,E1010,1
9259076592.1ST_DRAW,O0002,E1011,PP09,General,4,0,360,E1010,0
9259076592.1ST_DRAW,O0002,E1011,PP09,General,5,0,240,E1010,0
9259076592.1ST_DRAW,O0002,E1011,PP09,General,6,0,230,E1010,0
9259076592.1ST_DRAW,O0002,E1011,PP09,General,7,0,329,E1010,1
9254916692.TRIM,O0072,E1011,PP11,General,1,0,668,E1010,0
9259076592.TRIM,O0072,E1011,PP11,General,3,0,2182,E1010,0
F1105313-WHEEL_NUT.FLARE,O0114,E1036 ,PP06,General,1,0,1089,E1043,0
9259076592.2ND_DRAW,O0003,E1011,PP10,General,1,0,330,E1010,0
9259076592.2ND_DRAW,O0003,E1011,PP10,General,2,0,280,E1010,0
9259076592.2ND_DRAW,O0003,E1011,PP10,General,3,0,120,E1010,0
9259076592.2ND_DRAW,O0003,E1011,PP10,General,5,0,240,E1010,1
9259076592.2ND_DRAW,O0003,E1011,PP10,General,6,0,230,E1010,0
9259076592.2ND_DRAW,O0003,E1011,PP10,General,7,0,329,E1010,0
9259076592.TRIM,O0072,E1011,PP11,General,1,0,330,E1010,0
9259076592.TRIM,O0072,E1011,PP11,General,3,0,120,E1010,0
9259076592.TRIM,O0072,E1011,PP11,General,4,0,180,E1010,0
9259076592.TRIM,O0072,E1011,PP11,General,5,0,240,E1010,0
9259076592.TRIM,O0072,E1011,PP11,General,7,0,329,E1010,1
9259076592.RELEASE_PUNCH,O0059,E1011,PP12,General,1,0,330,E1010,0
9259076592.RELEASE_PUNCH,O0059,E1011,PP12,General,2,0,280,E1010,1
9259076592.RELEASE_PUNCH,O0059,E1011,PP12,General,4,0,180,E1010,0
9259076592.RELEASE_PUNCH,O0059,E1011,PP12,General,5,0,240,E1010,0
9259076592.TOP_HOLES_PIERCE,O0070,E1011,PP13,General,1,0,330,E1010,0
9259076592.TOP_HOLES_PIERCE,O0070,E1011,PP13,General,2,0,280,E1010,0
9259076592.TOP_HOLES_PIERCE,O0070,E1011,PP13,General,3,0,120,E1010,1
9259076592.TOP_HOLES_PIERCE,O0070,E1011,PP13,General,5,0,240,E1010,0
9259076592.TOP_HOLES_PIERCE,O0070,E1011,PP13,General,7,0,329,E1010,0
9259076592.NOTCH,O0051,E1050,NM01,General,1,0,140,E1010,0
9259076592.NOTCH,O0051,E1050,NM01,General,2,0,240,E1010,0
9259076592.ROBOT_CO2_WELD,O0060,E1050,ROW2,General,1,0,88,E1010,0
FL203213.TRIM2,O0156,E1029,PP06,General,1,0,500,E1043,1
9709090124.1ST_DRAW,O0002,E1033,HP02,General,1,0,650,E1043,0
9254916692.EMBOSS,O0030,E1011,PP12,General,1,0,668,E1010,0
9259076592.RELEASE_PUNCH,O0059,E1011,PP12,General,3,0,2182,E1010,1
9254916692.TOP_HOLES_PIERCE,O0070,E1011,PP13,General,1,0,667,E1010,0
9259076592.TOP_HOLES_PIERCE,O0070,E1011,PP13,General,3,0,2182,E1010,0
9709090124.2ND_DRAW,O0003,E1033,HP04,General,1,0,650,E1043,0
9254916692.SIDE_HOLES_PIERCE,O0063,E1027 ,PP02,General,1,0,882,E1043,0
F2834513.FORM,O0041,E1047,HP02,General,2,0,230,E1043,1
F2834413.FORM,O0041,E1047,HP02,General,3,0,120,E1043,0
F2834513.FORM,O0041,E1047,HP02,General,4,0,120,E1043,0
F2834513.FORM,O0041,E1047,HP02,General,6,0,150,E1043,0
100262820.BLANK,O0019,E1030 ,PP08,General,1,0,2280,E1043,0
100262820.FORM,O0041,E057,PP07,General,2,0,700,E1043,0
100262820.FORM,O0041,E057,PP07,General,3,0,300,E1043,0
9254916692.NOTCH,O0051,E1011,NM01,General,1,0,882,E1010,0
9254916692.CO2_WELD,O0021,E1011,MIG01,General,1,0,882,E1010,1
9253920205.1ST_DRAW,O0002,E1043,PP08,General,1,0,1500,E1043,0
9253920205.TRIM,O0072,E1043,PP08,General,3,0,1500,E1043,0
9253920205.LIP_FORM,O0050,E1043,PP08,General,4,0,1500,E1043,1
9253920205.TOP_HOLES_PIERCE,O0070,E1043,PP08,General,5,0,1500,E1043,0
9253920205.LETTER_PUNCH,O0049,E1043,PP08,General,6,0,1500,E1043,0
9253920205.SIDE_4_HOLE_PIERCE,O0061,E1043,PP08,General,7,0,1500,E1043,0
9253920206.1ST_DRAW,O0002,E1012,PP08,General,1,0,1177,E1043,0
9253920206.TRIM,O0072,E1012,PP08,General,3,0,3200,E1043,1
9253920206.LIP_FORM,O0050,E1012 ,PP08,General,4,0,3200,E1043,0
9253920206.TOP_HOLES_PIERCE,O0070,E1012,PP08,General,5,0,3200,E1043,0
9254916692.SIDE_HOLES_PIERCE,O0063,E1027,PP04,General,1,0,584,E1043,0
100260650.CO2_WELD,O0021,E1051,MIG01,General,1,0,256,E1010,1
F7900714.CO2_WELD,O0021,E1055,MIG04,General,1,0,1008,E1010,0
9259076592.1ST_DRAW,O0002,E1011,PP09,General,1,0,291,E1010,0
9259076592.1ST_DRAW,O0002,E1011,PP09,General,2,0,2182,E1010,1
100260650.CO2_WELD,O0021,E1051,MIG01,General,1,0,416,E1010,0
100260650.CO2_WELD,O0021,E1051,MIG01,General,2,0,240,E1010,0
100260650.CO2_WELD,O0021,E1051,MIG01,General,4,0,240,E1010,1
100260650.CO2_WELD,O0021,E1051,MIG01,General,5,0,240,E1010,0
100260650.CO2_WELD,O0021,E1051,MIG01,General,6,0,192,E1010,0
B1E23401-LEVER_ARM.BLANK,O0019,E1024,PP02,General,1,0,612,E1024,0
B1E23401-LEVER_ARM.3_HOLES_PIERCE,O0012,E1024,PP02,General,3,0,612,E1024,0
FD201713.BLANK_3_HOLES_PIERCE,O0090,E1024,PP02,General,4,0,504,E1024,1
FD201813.BLANK_3_HOLES_PIERCE,O0090,E1024,PP02,General,5,0,504,E1024,0
FD201713.FORM,O0041,E1024,PP02,General,6,0,504,E1024,0
FD201813.FORM,O0041,E1024,PP02,General,7,0,504,E1024,0
9253920206.DEBUR,O0026,E1030,DB01,General,1,0,3200,E1043,1
100261121.2ND_DRAW,O0003,E1033,HP05,General,1,0,380,E1043,0
9259076592.LEAK_CHECK,O0048,E1054,ROW2,General,1,0,1110,E1010,0
9259076592.2ND_DRAW,O0003,E1011,PP10,General,1,0,291,E1010,0
9709090124.1ST_DRAW,O0002,E1033,HP02,General,1,0,260,E1043,0
9709090124.1ST_DRAW,O0002,E1033,HP02,General,2,0,200,E1043,0
9709090124.1ST_DRAW,O0002,E1033,HP02,General,3,0,390,E1043,0
9709090124.2ND_DRAW,O0003,E1033,HP04,General,1,0,230,E1043,1
9709090124.2ND_DRAW,O0003,E1033,HP04,General,2,0,170,E1043,0
9709090124.2ND_DRAW,O0003,E1033,HP04,General,3,0,375,E1043,0
9259076592.LEAK_CHECK,O0048,E1054,ROW2,General,1,0,375,E1010,0
9259076592.LEAK_CHECK,O0048,E1054,ROW2,General,2,0,327,E1010,0
100261280.TRIM,O0072,E1011,PP11,General,1,0,1618,E1010,0
9709090124.3RD_DRAW,O0004,E1046,HP04,General,2,0,200,E1043,0
100261121.BLANK,O0019,E1032,PP06,General,1,0,380,E1043,0
B1E20504-LEVER_ARM.BLANK,O0019,E1031,PP06,General,1,0,304,E1043,1
B1E20504-SUPPORT_BRKT.BLANK,O0019,E1031,PP06,General,2,0,300,E1043,0
F1146514.BLANK,O0019,E1036,PP06,General,1,0,120,E1043,0
9253920206.BLANK,O0019,E1024,BL01,General,2,0,3000,E1024,0
9254916692.NOTCH,O0051,E1032,MP01,General,1,0,100,E1043,0
F2834413.TRIM_3_HOLES_PIERCE_PART,O0148,E1012,PP07,General,1,0,50,E1043,0
F2834513.TRIM_3_HOLES_PIERCE_PART,O0148,E1012,PP07,General,2,0,50,E1043,0
B1E20504-LEVER_ARM.3_HOLES_PIERCE,O0012,E1027 ,PP04,General,1,0,304,E1043,0
B1E20504-SUPPORT_BRKT.3_HOLES_PIERCE,O0012,E1027 ,PP04,General,2,0,300,E1043,0
F7182114.BLANK,O0019,E1027,PP04,General,3,0,1000,E1043,0
100261121.1ST_DRAW,O0002,E1033,HP03,General,1,0,380,E1043,0
F1146514.FORM,O0041,E039 ,HP03,General,1,0,120,E1043,0
F1146514.TRIM,O0072,E1037,PP02,General,1,0,120,E1043,0
F7182114.FLANGE_FOLD,O0113,E1037,PP02,General,2,0,1000,E1043,1
B0Y17741.SPOT_WELD,O0068,E1052,SW01,General,1,0,999,E1010,0
B0Y17736.SPOT_WELD,O0068,E1052,SW01,General,2,0,1002,E1010,0
B0Y17751.SPOT_WELD,O0068,E1052,SW01,General,1,0,1020,E1010,0
F2860713.CO2_WELD,O0021,E1009,MIG03,General,1,0,1800,E1010,0
F2409414.CO2_WELD,O0021,E1056,MIG03,General,1,0,347,E1010,0
B2436001.CO2_WELD,O0021,E1056,MIG03,General,2,0,300,E1010,1
B5433269.CO2_WELD,O0021,E1056,MIG03,General,3,0,583,E1010,0
100262820.CURL,O0025,E1059,MIG05,General,1,0,600,E1010,0
100262820.CO2_WELD,O0021,E1059,MIG06,General,1,0,600,E1010,0
F2834513.TRIM_3_HOLES_PIERCE_PART,O0148,E1012,PP07,General,2,0,450,E1043,0
100261121.3RD_DRAW,O0004,E040,HP04,General,1,0,380,E1043,0
F1146514.CENTRE_PIERCE,O0020,E1032,PP02,General,1,0,120,E1043,0
B1E20504-SUPPORT_BRKT.FOLD,O0037,E1032 ,PP02,General,2,0,300,E1043,0
B5433269.CROP_3_HOLES_PIERCE,O0105,E1036,PP03,General,1,0,583,E1043,0
F2834413.FOLD,O0037,E1047,HP02,General,1,0,500,E1043,1
F1146514.HOLE_PIERCE,O0043,E1036,PP02,General,2,0,120,E1043,0
B5433269.END_CROP,O0111,E1036,PP02,General,3,0,583,E1043,0
100261280.1ST_DRAW,O0002,E1011,PP09,General,1,0,1618,E1010,0
100261280.2ND_DRAW,O0003,E1011,PP10,General,1,0,1618,E1010,0
F7182114.3_HOLES_PIERCE,O0012,E1037,PP03,General,1,0,1000,E1043,0
100261280.EMBOSS,O0030,E1011,PP13,General,1,0,1618,E1010,0
100261280.CO2_WELD,O0021,E1059,MIG03,General,1,0,288,E1010,0
100261280.CO2_WELD,O0021,E1059,MIG03,General,2,0,288,E1010,0
100260710.CO2_WELD,O0021,E1051,MIG01,General,3,0,727,E1010,1
100261121.TRIM_FLANGE_HOLES_PIERCE,O0074,E1036,PP04,General,1,0,380,E1043,0
9259076592.BLANK,O0019,E1024,BL01,General,1,0,3030,E1024,0
9253920206.BLANK,O0019,E1024,BL01,General,2,0,4400,E1024,1
9259076592.BLANK,O0019,E1024,BL01,General,3,0,1136,E1024,0
F2P00510-L_BRKT.FOLD,O0037,E1036,PP02,General,1,0,336,E1043,0
F7182114.4_HOLES_PIERCE,O0013,E1036,PP02,General,2,0,200,E1043,0
F2834413.PARTNO_PUNCH,O0127,E1035,MP01,General,1,0,500,E1043,1
F2834513.PARTNO_PUNCH,O0127,E1035,MP01,General,2,0,499,E1043,0
F2P00510-L_BRKT.PARTNO_PUNCH,O0127,E1035,MP01,General,3,0,336,E1043,0
F1103713.BLANK,O0019,E1031,PP06,General,2,0,1008,E1043,0
F7182114.U_FOLD,O0096,E1037,PP03,General,1,0,1000,E1043,1
B0Y53406-FUSE_BOX_MTG_PLATE.FORM,O0041,E1037,PP03,General,2,0,648,E1043,0
9254916692.NOTCH,O0051,E1032,MP01,General,1,0,181,E1043,0
100261121.TOP_HOLES_PIERCE,O0070,E1032,PP04,General,1,0,380,E1043,0
100261121.FLAT,O0036,E1032,PP04,General,3,0,380,E1043,1
9709090124.2ND_DRAW,O0003,E1033,HP04,General,1,0,835,E1043,0
9709090124.3RD_DRAW,O0004,E1046,HP04,General,1,0,1210,E1043,0
9259076592.1ST_DRAW,O0002,E1011,PP09,General,1,0,2110,E1010,0
9259076592.1ST_DRAW,O0002,E1011,PP09,General,2,0,450,E1010,1
9259076592.2ND_DRAW,O0003,E1011,PP10,General,1,0,2110,E1010,0
9259076592.2ND_DRAW,O0003,E1011,PP10,General,2,0,450,E1010,0
9253920415.2ND_DRAW,O0003,E1011,PP10,General,3,0,787,E1010,0
9259076592.TRIM,O0072,E1011,PP11,General,2,0,450,E1010,0
9259076592.RELEASE_PUNCH,O0059,E1011,PP12,General,1,0,2110,E1010,0
9259076592.RELEASE_PUNCH,O0059,E1011,PP12,General,2,0,450,E1010,0
9259076592.TOP_HOLES_PIERCE,O0070,E1011,PP13,General,2,0,450,E1010,0
9259076592.NOTCH,O0051,E1053,NM01,General,1,0,710,E1010,0
9259076592.ROBOT_CO2_WELD,O0060,E1024,ROW2,General,2,0,284,E1010,1
9259076592.ROBOT_CO2_WELD,O0060,E1050,ROW2,General,3,0,188,E1010,0
9259076592.ROBOT_CO2_WELD,O0060,E1051,ROW2,General,4,0,1382,E1010,0
9259076592.LEAK_CHECK,O0048,E1054,LM01,General,1,0,327,E1010,0
9259076592.LEAK_CHECK,O0048,E1054,LM01,General,2,0,284,E1010,1
100260710.CO2_WELD,O0021,E1051,MIG01,General,2,0,369,E1010,0
100260710.CO2_WELD,O0021,E1051,MIG01,General,3,0,288,E1010,0
B5503207.SPOT_WELD,O0068,E1052,SW01,General,1,0,156,E1010,0
4721951294.BLANK,O0019,E1012,PP07,General,1,0,1590,E1043,0
100261121.DEBUR,O0026,E1049,MIG01,General,1,0,125,E1010,0
100261121.CO2_WELD,O0021,E1059,MIG01,General,1,0,125,E1010,0
9254916692.CO2_WELD,O0021,E1059,MIG04,General,2,0,300,E1010,0
100261280.CO2_WELD,O0021,E1059,MIG03,General,3,0,559,E1010,0
9259076592.NOTCH,O0051,E1050,NM01,General,1,0,182,E1010,0
9259076592.NOTCH,O0051,E1053,NM01,General,2,0,1388,E1010,1
9259076592.LEAK_CHECK,O0048,E1054,LM01,General,2,0,1382,E1010,0
9253920415.BLANK,O0019,E1048,BL01,General,1,0,787,E1010,0
100261280.CO2_WELD,O0021,E1059,MIG03,General,1,0,954,E1060,0
B1E20504.CO2_WELD_1,O0098,E057,BL01,General,1,0,300,E1060,0
B1E20504.CO2_WELD_2,O0099,E057,BL01,General,2,0,300,E1060,0
9253920415.TOP_HOLES_PIERCE,O0070,E1048,PP13,General,1,0,786,E1010,0
9709090124.COLLAR_FORM,O0022,E056,HP03,General,1,0,1753,E1043,1
F2835013.FORM,O0041,E1047,HP02,General,1,0,500,E1043,0
F2835113.FORM,O0041,E1047,HP02,General,2,0,500,E1043,0
FL204813.FLANGE_FOLD,O0113,E1032,PP02,General,1,0,504,E1043,0
F1103713.FORM,O0041,E1033,HP04,General,1,0,1008,E1043,0
FL204813.BLANK_2_HOLES_PIERCE,O0089,E057,PP03,General,1,0,504,E1043,1
100260710.CO2_WELD,O0021,E1051,MIG01,General,1,0,238,E1010,0
100260710.DEBUR,O0026,E1042,DB01,General,2,0,663,E1010,0
100260710.CO2_WELD,O0021,E1059,MIG01,General,3,0,663,E1010,0
FE300513.FORM,O0041,E1035,HP02,General,1,0,510,E1043,1
9253920206.1ST_DRAW,O0002,E1030,PP08,General,1,0,3000,E1043,0
9253920206.2ND_DRAW,O0003,E1030,PP08,General,2,0,3000,E1043,0
9253920206.TRIM,O0072,E1030,PP08,General,3,0,3000,E1043,0
9253920206.LIP_FORM,O0050,E1030,PP08,General,4,0,3000,E1043,1
9253920206.LETTER_PUNCH,O0049,E1030,PP08,General,6,0,3000,E1043,0
9259076592.1ST_DRAW,O0002,E1011,PP09,General,1,0,250,E1010,0
9259076592.1ST_DRAW,O0002,E1011,PP09,General,2,0,220,E1010,1
9259076592.1ST_DRAW,O0002,E057,PP09,General,4,0,280,E1010,0
9259076592.1ST_DRAW,O0002,E057,PP09,General,5,0,580,E1010,0
9253920206.DEBUR,O0026,E1030,DB01,General,1,0,3000,E1043,0
9259076592.2ND_DRAW,O0003,E1011,PP10,General,1,0,250,E1010,0
9259076592.2ND_DRAW,O0003,E1011,PP10,General,2,0,220,E1010,0
9259076592.2ND_DRAW,O0003,E057,PP10,General,3,0,70,E1010,0
9259076592.2ND_DRAW,O0003,E057,PP10,General,4,0,280,E1010,1
9259076592.TRIM,O0072,E1011,PP11,General,1,0,250,E1010,0
9259076592.TRIM,O0072,E1011,PP11,General,2,0,220,E1010,0
9259076592.TRIM,O0072,E057,PP11,General,3,0,70,E1010,1
9259076592.TRIM,O0072,E057,PP11,General,5,0,580,E1010,0
9259076592.RELEASE_PUNCH,O0059,E1011,PP12,General,1,0,250,E1010,0
9259076592.RELEASE_PUNCH,O0059,E1011,PP12,General,2,0,220,E1010,0
9259076592.RELEASE_PUNCH,O0059,E057,PP12,General,3,0,70,E1010,0
9259076592.RELEASE_PUNCH,O0059,E057,PP12,General,5,0,580,E1010,0
9259076592.TOP_HOLES_PIERCE,O0070,E1011,PP13,General,1,0,250,E1010,0
9259076592.TOP_HOLES_PIERCE,O0070,E1011,PP13,General,2,0,220,E1010,0
9259076592.TOP_HOLES_PIERCE,O0070,E057,PP13,General,3,0,70,E1010,0
9259076592.TOP_HOLES_PIERCE,O0070,E057,PP13,General,4,0,280,E1010,1
100260710.1ST_DRAW,O0002,E057,PP09,General,1,0,70,E1010,0
100260710.2ND_DRAW,O0003,E057,PP10,General,1,0,70,E1010,0
100262820.CURL,O0025,E1059,MIG05,General,1,0,1680,E1010,0
100260710.TRIM,O0072,E057,PP11,General,1,0,70,E1010,0
9259076592.NOTCH,O0051,E1053,NM01,General,1,0,608,E1060,0
9259076592.NOTCH,O0051,E1053,NM01,General,2,0,186,E1060,0
9259076592.ROBOT_CO2_WELD,O0060,E1051,ROW2,General,1,0,99,E1060,0
9259076592.ROBOT_CO2_WELD,O0060,E1051,ROW2,General,2,0,186,E1060,1
9259076592.ROBOT_CO2_WELD,O0060,E1051,ROW2,General,3,0,509,E1060,0
9254916692.1ST_DRAW,O0002,E040 ,HP06,General,1,0,392,E1016,0
9254916692.2ND_DRAW,O0003,E039 ,HP04,General,1,0,392,E1016,0
9254916692.BLANK,O0019,E040 ,HP06,General,1,0,1035,E1016,1
9254916692.1ST_DRAW,O0002,E057,HP06,General,3,0,60,E1016,0
9254916692.2ND_DRAW,O0003,E1028,HP04,General,1,0,108,E1016,0
9254916692.2ND_DRAW,O0003,E1028,HP04,Second,1,0,60,E1016,0
9254916692.2ND_DRAW,O0003,E1028,HP04,Second,3,0,40,E1016,0
9254916692.2ND_DRAW,O0003,E1028,HP04,Second,4,0,10,E1016,0
9254916692.2ND_DRAW,O0003,E1028,HP04,Second,6,0,100,E1016,0
100260710.1ST_DRAW,O0002,E057,PP09,General,1,0,550,E1016,1
100260710.2ND_DRAW,O0003,E057,PP10,Second,1,0,550,E1016,0
100260710.2ND_DRAW,O0003,E057,PP10,Second,2,0,100,E1016,0
100260710.TRIM,O0072,E057,PP11,Second,1,0,550,E1016,0
100260710.TRIM,O0072,E057,PP11,Second,2,0,100,E1016,0
100260710.TRIM,O0072,E057,PP11,Second,3,0,50,E1016,0
100260710.9_HOLES_PIERCE_EMBOSS,O0088,E057,PP12,Second,1,0,550,E1016,1
100260710.9_HOLES_PIERCE_EMBOSS,O0088,E057,PP12,Second,2,0,100,E1016,0
100260710.9_HOLES_PIERCE_EMBOSS,O0088,E057,PP12,Second,3,0,50,E1016,0
100260710.TOP_SIDE_HOLES_PIERCE,O0071,E057,PP13,Second,2,0,100,E1016,0
100260710.TOP_SIDE_HOLES_PIERCE,O0071,E057,PP13,Second,3,0,50,E1016,0
9254916692.1ST_DRAW,O0002,E057,HP06,Second,1,0,40,E1016,0
9254916692.4TH_DRAW,O0005,E1001,HP05,Second,2,0,100,E1043,0
100260710.1ST_DRAW,O0002,E057,PP09,Second,1,0,100,E1016,1
100260710.1ST_DRAW,O0002,E057,PP09,Second,2,0,50,E1016,0
9254916692.1ST_DRAW,O0002,E057,HP06,Second,1,0,10,E1016,0
9254916692.1ST_DRAW,O0002,E057,HP06,Second,3,0,100,E1016,0
9259076592.NOTCH,O0051,E1053,NM01,General,1,0,316,E1060,1
9259076592.NOTCH,O0051,E1053,NM01,General,2,0,500,E1060,0
9259076592.NOTCH,O0051,E1053,NM01,General,3,0,500,E1060,0
100261280.CO2_WELD,O0021,E1059,MIG03,General,1,0,542,E1060,0
9259076592.ROBOT_CO2_WELD,O0060,E1051,ROW2,General,1,0,6,E1060,0
9259076592.LEAK_CHECK,O0048,E1054,LM01,General,1,0,794,E1060,0
9259076592.LEAK_CHECK,O0048,E1054,LM01,General,2,0,6,E1060,0
9259076592.LEAK_CHECK,O0048,E1054,LM01,General,3,0,785,E1010,0
9709090124.COLLAR_FORM,O0022,E056,HP03,General,1,0,300,E1043,1
B1E20504-GUSSET_36NOS_STRIP.BLANK,O0019,E1031,PP06,General,1,0,324,E1043,0
B5437304-F2866213.BLANK,O0019,E1031,PP06,General,2,0,504,E1043,1
9253920415.SIDE_4_HOLE_PIERCE,O0061,E1031,PP06,General,4,0,786,E1043,0
F2835013.TRIM_3_HOLES_PIERCE_PART,O0148,E1031,PP06,General,5,0,500,E1043,0
F2835113.TRIM_3_HOLES_PIERCE_PART,O0148,E1031,PP06,General,6,0,500,E1043,0
F1103713.TRIM,O0072,E1043,HP05,General,1,0,575,E1043,0
9254916692.SIDE_HOLES_PIERCE,O0063,E1027,PP04,General,2,0,83,E1043,0
B0Y17723.CENTRE_PIERCE,O0020,E1027,PP04,General,3,0,728,E1043,0
9253920415.LETTER_PUNCH,O0049,E1012,PP07,General,1,0,786,E1043,1
FE300513.TRIM,O0072,E1012,PP07,General,2,0,510,E1043,0
100262820.FORM,O0041,E057,PP07,General,3,0,1000,E1043,0
FL204813.U_FOLD,O0096,E1037,PP03,General,1,0,504,E1043,0
F1103713.CENTRE_PIERCE,O0020,E1043,HP05,General,3,0,575,E1043,1
B0Y17752.FORM,O0041,E1037,PP03,General,4,0,525,E1043,0
B0Y17728.FOLD,O0037,E1037,PP03,General,5,0,372,E1043,0
B0Y17752.BLANK_HOLE_PIERCE,O0095,E1036,PP02,General,1,0,525,E1043,0
B0Y17728.BLANK_2_HOLES_PIERCE,O0089,E1036,PP02,General,2,0,372,E1043,1
B0Y17723.BLANK,O0019,E1036,PP02,General,3,0,728,E1043,0
FD203113.BLANK,O0019,E1036,PP02,General,4,0,576,E1043,0
FD203213.BLANK,O0019,E1036,PP02,General,5,0,576,E1043,0
B5437305-F2866313.FOLD,O0037,E1035,HP02,General,2,0,504,E1043,0
B5437304-F2866213.U_FOLD,O0096,E1035,HP02,General,3,0,380,E1043,0
B5437305-F2866313.U_FOLD,O0096,E1035,HP02,General,4,0,380,E1043,1
9254916692.NOTCH,O0051,E1032,MP01,General,1,0,83,E1043,0
9259076592.BLANK,O0019,E1024,BL01,General,2,0,1150,E1024,0
9253920415.DEBUR,O0026,E1024,DB01,General,1,0,786,E1024,0
9254916692.CO2_WELD,O0021,E1059,MIG04,General,1,0,420,E1060,1
B0Y18711.SPOT_WELD,O0068,E1059,MIG04,General,2,0,420,E1010,0
B0Y18722.SPOT_WELD,O0068,E1059,MIG04,General,3,0,420,E1010,0
9259076592.ROBOT_CO2_WELD,O0060,E1024,ROW2,General,1,0,500,E1060,0
9259076592.ROBOT_CO2_WELD,O0060,E1024,ROW2,General,2,0,500,E1060,0
9259076592.ROBOT_CO2_WELD,O0060,E1024,ROW2,General,3,0,500,E1010,1
9253920206.1ST_DRAW,O0002,E1011,PP09,General,1,0,269,E1043,0
9253920206.2ND_DRAW,O0003,E1011,PP10,General,2,0,269,E1043,0
9253920206.LIP_FORM,O0050,E1011,PP12,General,4,0,269,E1043,0
9253920206.TOP_HOLES_PIERCE,O0070,E1011,PP13,General,5,0,269,E1043,0
9253920206.LETTER_PUNCH,O0049,E1030,PP08,General,6,0,269,E1043,0
FD203213.FORM,O0041,E1032,PP03,General,2,0,576,E1043,0
9253920206.DEBUR,O0026,E1030,DB01,General,1,0,269,E1043,0
100262820.CURL,O0025,E1059,MIG05,General,1,0,1000,E1010,0
B5503207.SPOT_WELD,O0068,E1052,SW01,General,1,0,290,E1010,0
F2860713.CO2_WELD,O0021,E1056,MIG03,General,1,0,1590,E1010,1
9254916692.3RD_DRAW,O0004,E1001,HP05,Second,1,0,100,E1043,0
9254916692.3RD_DRAW,O0004,E1001,HP05,Second,2,0,153,E1043,0
9259076592.1ST_DRAW,O0002,E057,PP09,General,1,0,206,E1010,0
9259076592.2ND_DRAW,O0003,E057,PP10,General,1,0,206,E1010,0
9259076592.2ND_DRAW,O0003,E057,PP10,General,2,0,1150,E1010,0
9259076592.TRIM,O0072,E057,PP11,General,1,0,206,E1010,1
9259076592.TRIM,O0072,E057,PP11,General,2,0,1150,E1010,0
9259076592.RELEASE_PUNCH,O0059,E057,PP12,General,1,0,206,E1010,0
9259076592.TOP_HOLES_PIERCE,O0070,E057,PP13,General,1,0,206,E1010,0
9259076592.TOP_HOLES_PIERCE,O0070,E057,PP13,General,2,0,1150,E1010,0
100261280.BLANK,O0019,E1024,BL01,General,1,0,2030,E1024,1
100261520.BLANK,O0019,E1024,BL01,General,2,0,682,E1024,0
9254916692.3RD_DRAW,O0004,E1033,HP03,General,1,0,392,E1043,0
FD203113.PART,O0123,E1037,PP03,General,1,0,576,E1043,0
FD203213.PART,O0123,E1037,PP03,General,2,0,576,E1043,1
FD202513.BLANK,O0019,E1037,PP03,General,3,0,560,E1043,0
FD202613.BLANK,O0019,E1037,PP03,General,4,0,560,E1043,0
FL202413.BLANK_4_HOLES_PIERCE,O0091,E1031,PP06,General,1,0,1040,E1043,0
F1105313-WHEEL_NUT.BLANK,O0019,E1031,PP06,General,2,0,700,E1015,1
B5437304-F2866213.U_FOLD,O0096,E1035,HP02,General,1,0,124,E1043,0
B5437305-F2866313.U_FOLD,O0096,E1035,HP02,General,2,0,124,E1043,0
F2835013.FOLD,O0037,E1035,HP02,General,3,0,500,E1043,0
FD203113.RIB_FORM,O0132,E1032,PP04,General,1,0,576,E1043,0
FD203213.RIB_FORM,O0132,E1032,PP04,General,2,0,576,E1043,0
FL202413.FORM,O0041,E1029,PP03,General,1,0,1040,E1043,0
FD202513.CROP,O0102,E1032,PP03,General,1,0,560,E1043,0
FD202613.CROP,O0102,E1032,PP03,General,2,0,560,E1043,0
100261520.2ND_DRAW,O0003,E039,HP04,General,1,0,682,E1043,1
B5437304-F2866213.PARTNO_PUNCH,O0127,E1035,MP01,General,1,0,504,E1043,0
FD203113.TRIM_4_HOLES_PIERCE,O0149,E1027,PP04,General,1,0,576,E1043,0
FD203213.TRIM_4_HOLES_PIERCE,O0149,E1027,PP04,General,2,0,576,E1043,0
FD202513.FOLD,O0037,E1027,PP04,General,3,0,560,E1043,1
FD202613.FOLD,O0037,E1027,PP04,General,4,0,560,E1043,0
FD202613.PART,O0123,E1029,PP04,General,2,0,560,E1043,0
100261280.1ST_DRAW,O0002,E1011,PP09,General,1,0,240,E1010,0
100261280.1ST_DRAW,O0002,E1011,PP09,General,3,0,240,E1010,0
100261280.1ST_DRAW,O0002,E1011,PP09,General,4,0,100,E1010,0
100261280.2ND_DRAW,O0003,E1011,PP10,General,1,0,180,E1010,0
100261280.2ND_DRAW,O0003,E1011,PP10,General,3,0,230,E1010,0
100261280.2ND_DRAW,O0003,E1011,PP10,General,4,0,100,E1010,0
100261280.TRIM,O0072,E1011,PP11,General,1,0,180,E1010,0
100261280.TRIM,O0072,E1011,PP11,General,2,0,220,E1010,1
100261280.TRIM,O0072,E1011,PP11,General,3,0,230,E1010,0
100261280.TRIM,O0072,E1011,PP11,General,4,0,100,E1010,0
100261280.9_HOLES_PIERCE,O0010,E1011,PP12,General,1,0,180,E1010,0
100261280.9_HOLES_PIERCE,O0010,E1011,PP12,General,2,0,220,E1010,0
100261280.9_HOLES_PIERCE,O0010,E1011,PP12,General,4,0,100,E1010,1
100261280.EMBOSS,O0030,E1011,PP13,General,1,0,180,E1010,0
100261280.EMBOSS,O0030,E1011,PP13,General,2,0,220,E1010,0
100261280.EMBOSS,O0030,E1011,PP13,General,3,0,230,E1010,0
B5425112.SPOT_WELD,O0068,E1052,SW01,General,1,0,500,E1010,0
B0Y17752.SPOT_WELD,O0068,E1052,SW01,General,2,0,525,E1010,0
B0Y17728.SPOT_WELD,O0068,E1052,SW01,General,3,0,372,E1010,0
B5425112.SPOT_WELD,O0068,E1052,SW01,General,4,0,1480,E1010,0
F2835013.PARTNO_PUNCH,O0127,E1029,MP01,General,1,0,500,E1043,0
F2835113.PARTNO_PUNCH,O0127,E1029,MP01,General,2,0,500,E1043,1
100261280.1ST_DRAW,O0002,E1011,PP09,Second,1,0,200,E1043,0
100261280.1ST_DRAW,O0002,E1011,PP09,Second,3,0,200,E1043,0
100261280.1ST_DRAW,O0002,E1011,PP09,Second,4,0,200,E1043,0
100261280.1ST_DRAW,O0002,E1011,PP09,Second,5,0,200,E1043,0
100261280.2ND_DRAW,O0003,E1011,PP10,Second,1,0,200,E1043,0
100261280.2ND_DRAW,O0003,E1011,PP10,Second,2,0,300,E1043,0
100261280.2ND_DRAW,O0003,E1011,PP10,Second,3,0,200,E1043,1
100261280.2ND_DRAW,O0003,E1011,PP10,Second,4,0,200,E1043,0
100261280.2ND_DRAW,O0003,E1011,PP10,Second,5,0,200,E1043,0
100261280.2ND_DRAW,O0003,E1011,PP10,Second,6,0,200,E1043,0
100261280.TRIM,O0072,E1011,PP11,Second,1,0,200,E1043,0
100261280.TRIM,O0072,E1011,PP11,Second,2,0,300,E1043,1
100261280.TRIM,O0072,E1011,PP11,Second,4,0,200,E1043,0
100261280.TRIM,O0072,E1011,PP11,Second,5,0,200,E1043,0
100261280.TRIM,O0072,E1011,PP11,Second,6,0,200,E1043,0
100261280.9_HOLES_PIERCE,O0010,E1011,PP12,Second,1,0,200,E1043,1
100261280.9_HOLES_PIERCE,O0010,E1011,PP12,Second,2,0,300,E1043,0
100261280.9_HOLES_PIERCE,O0010,E1011,PP12,Second,3,0,200,E1043,0
100261280.9_HOLES_PIERCE,O0010,E1011,PP12,Second,4,0,200,E1043,0
100261280.9_HOLES_PIERCE,O0010,E1011,PP12,Second,6,0,200,E1043,0
100261280.EMBOSS,O0030,E1011,PP13,Second,2,0,300,E1043,0
100261280.EMBOSS,O0030,E1011,PP13,Second,3,0,200,E1043,1
100261280.EMBOSS,O0030,E1011,PP13,Second,4,0,200,E1043,0
F1105313-WHEEL_NUT.BLANK,O0019,E1031,PP06,General,1,0,300,E1015,0
9700515532-9709050284.BLANK,O0019,E1031,PP06,General,2,0,680,E1043,0
100261520.BLANK,O0019,E1024,BL01,General,1,0,1170,E1024,0
100261281.BLANK,O0019,E1024,BL01,General,2,0,1010,E1024,1
9254916692.1ST_DRAW,O0002,E057,HP06,General,1,0,5,E1015,0
FL205913.SPOT_WELD,O0068,E1052,SW01,General,2,0,524,E1010,0
100261281.EMBOSS,O0030,E1011,PP10,General,1,0,230,E1010,0
9254916692.2ND_DRAW,O0003,E1028,HP04,General,1,0,5,E1015,0
100262820.FORM,O0041,E057,PP07,General,1,0,2180,E1043,1
FE300513.CROP1,O0108,E1030,PP08,General,1,0,510,E1043,0
B0Y18723.RIB_FORM,O0132,E1030,PP08,General,2,0,306,E1043,0
FE300513.4_HOLES_PIERCE,O0013,E1012,PP07,General,1,0,510,E1043,0
B0Y18723.FLARE,O0114,E1012,PP07,General,2,0,306,E1043,0
B0Y18723.PART_7_HOLES_PIERCE,O0125,E1012,PP07,General,3,0,306,E1043,0
100261281.EMBOSS,O0030,E1011,PP10,General,1,0,230,E1010,0
100261281.EMBOSS,O0030,E1011,PP10,General,1,0,230,E1010,0
9700515532-9709050284.1ST_DRAW,O0002,E040,HP06,General,1,0,680,E1043,0
9700515532-9709050284.2ND_DRAW,O0003,E039,HP04,General,1,0,680,E1043,1
9700515532-9709050284.3RD_DRAW,O0004,E039,HP05,General,1,0,680,E1043,0
9253010242.BLANK,O0019,E1024,BL01,General,1,0,2400,E1024,0
100260710.DEBUR,O0026,E1042,DB01,General,1,0,803,E1010,0
100260710.CO2_WELD,O0021,E1059,MIG01,General,1,0,803,E1010,0
9259076592.NOTCH,O0051,E1053,NM01,General,1,0,878,E1010,1
9259076592.LEAK_CHECK,O0048,E1054,LM01,General,1,0,849,E1010,0
9259076592.LEAK_CHECK,O0048,E1054,LM01,General,2,0,1136,E1010,0
100262820.CURL,O0025,E1059,MIG05,General,1,0,250,E1010,1
100262820.CO2_WELD,O0021,E1059,MIG06,General,1,0,250,E1010,0
9253010242.TOP_HOLES_PIERCE,O0070,E1011,PP09-13,General,1,0,260,E1010,0
9253010242.TOP_HOLES_PIERCE,O0070,E1011,PP09-13,General,2,0,360,E1010,0
9253010242.TOP_HOLES_PIERCE,O0070,E1011,PP09-13,General,4,0,280,E1010,0
9253010242.TOP_HOLES_PIERCE,O0070,E1011,PP09-13,General,5,0,360,E1010,1
9253010242.TOP_HOLES_PIERCE,O0070,E1011,PP09-13,General,6,0,260,E1010,0
100262820.CURL,O0025,E1059,MIG05,General,1,0,262,E1010,0
FE300513.REFORM,O0130,E1035,HP02,General,1,0,510,E1043,0
9700515532-9709050284.COLLAR_FORM,O0022,E1035,HP02,General,2,0,680,E1043,0
F1105313-WHEEL_NUT.FORM,O0041,E1035,HP02,General,3,0,1000,E1043,0
9259076592.NOTCH,O0051,E1053,NM01,General,1,0,258,E1010,0
9259076592.NOTCH,O0051,E1053,NM01,General,2,0,178,E1010,0
9254916692.4TH_DRAW,O0005,E1027,HP03,General,1,0,394,E1043,0
9259076592.ROBOT_CO2_WELD,O0060,E1024,ROW2,General,2,0,442,E1010,1
9259076592.ROBOT_CO2_WELD,O0060,E1054,ROW2,General,1,0,854,E1010,0
100260710.1ST_DRAW,O0002,E1011,PP09,General,1,0,240,E1010,0
100260710.2ND_DRAW,O0003,E1011,PP10,General,2,0,130,E1010,0
100260710.2ND_DRAW,O0003,E1011,PP10,General,3,0,240,E1010,0
100260710.2ND_DRAW,O0003,E1011,PP10,General,6,0,240,E1010,0
100260710.2ND_DRAW,O0003,E1011,PP10,General,8,0,275,E1010,0
100260710.TRIM,O0072,E1011,PP11,General,1,0,120,E1010,0
100260710.TRIM,O0072,E1011,PP11,General,2,0,130,E1010,0
100260710.TRIM,O0072,E1011,PP11,General,4,0,220,E1010,0
100260710.TRIM,O0072,E1011,PP11,General,5,0,260,E1010,1
100260710.TRIM,O0072,E1011,PP11,General,7,0,355,E1010,0
100260710.TRIM,O0072,E1011,PP11,General,8,0,275,E1010,0
100260710.9_HOLES_PIERCE_EMBOSS,O0088,E1011,PP12,General,1,0,120,E1010,0
100260710.9_HOLES_PIERCE_EMBOSS,O0088,E1011,PP12,General,2,0,10,E1010,0
100260710.9_HOLES_PIERCE_EMBOSS,O0088,E1011,PP12,General,4,0,220,E1010,0
100260710.9_HOLES_PIERCE_EMBOSS,O0088,E1011,PP12,General,5,0,260,E1010,1
100260710.9_HOLES_PIERCE_EMBOSS,O0088,E1011,PP12,General,7,0,355,E1010,0
100260710.9_HOLES_PIERCE_EMBOSS,O0088,E1011,PP12,General,8,0,275,E1010,0
100260710.TOP_SIDE_HOLES_PIERCE,O0071,E057,PP13,General,1,0,120,E1010,0
100260710.TOP_SIDE_HOLES_PIERCE,O0071,E057,PP13,General,2,0,129,E1010,0
100260710.TOP_SIDE_HOLES_PIERCE,O0071,E057,PP13,General,3,0,240,E1010,0
100260710.TOP_SIDE_HOLES_PIERCE,O0071,E057,PP13,General,4,0,220,E1010,0
100260710.TOP_SIDE_HOLES_PIERCE,O0071,E057,PP13,General,5,0,260,E1010,0
100260710.TOP_SIDE_HOLES_PIERCE,O0071,E057,PP13,General,6,0,240,E1010,0
100260710.TOP_SIDE_HOLES_PIERCE,O0071,E057,PP13,General,8,0,275,E1010,1
100260710.2ND_DRAW,O0003,E057,PP10,General,1,0,1865,E1010,0
100260710.TRIM,O0072,E057,PP11,General,1,0,1865,E1010,0
100260710.TOP_SIDE_HOLES_PIERCE,O0071,E057,PP13,General,1,0,1866,E1010,0
9253010242.BLANK,O0019,E1024,BL01,General,1,0,2315,E1024,0
100260710.1ST_DRAW,O0002,E1011,PP09,General,1,0,180,E1010,0
100260710.1ST_DRAW,O0002,E1011,PP09,General,2,0,240,E1010,0
100260710.1ST_DRAW,O0002,E1011,PP09,General,3,0,220,E1010,0
100260710.1ST_DRAW,O0002,E1011,PP09,General,4,0,260,E1010,0
100260710.1ST_DRAW,O0002,E1011,PP09,General,7,0,280,E1010,0
100262820.CURL,O0025,E1059,MIG05,General,1,0,2668,E1010,0
FL205613.SPOT_WELD,O0068,E1052,SW01,General,1,0,524,E1010,1
9259076592.NOTCH,O0051,E1053,NM01,General,1,0,972,E1010,0
9259076592.LEAK_CHECK,O0048,E1054,LM01,General,1,0,708,E1010,0
9259076592.LEAK_CHECK,O0048,E1054,LM01,General,2,0,442,E1010,0
100260710.1ST_DRAW,O0002,E1011,PP09,General,1,0,1840,E1010,0
100260710.2ND_DRAW,O0003,E1011,PP10,General,1,0,1840,E1010,0
100260710.TRIM,O0072,E1011,PP11,General,1,0,1840,E1010,1
100260710.9_HOLES_PIERCE_EMBOSS,O0088,E1011,PP12,General,1,0,1960,E1010,0
100261280.CO2_WELD,O0021,E1059,MIG01,General,1,0,196,E1010,0
100261280.CO2_WELD,O0021,E1059,MIG01,General,2,0,280,E1010,0
100261280.CO2_WELD,O0021,E1059,MIG01,General,3,0,284,E1010,0
9254916692.1ST_DRAW,O0002,E057,HP06,General,1,0,410,E1019,0
9254916692.1ST_DRAW,O0002,E057,HP06,General,2,0,2,E1019,0
9254916692.2ND_DRAW,O0003,E1028,HP04,General,1,0,412,E1019,0
B5433269.CROP_3_HOLES_PIERCE,O0105,E1031,PP06,General,1,0,506,E1019,0
B0Y00851.CROP,O0102,E1036,PP02,General,1,0,150,E1019,0
9254916692.3RD_DRAW,O0004,E1001,HP05,General,1,0,522,E1019,0
9254916692.4TH_DRAW,O0005,E1001,HP05,General,2,0,580,E1019,0
9254916692.EMBOSS,O0030,E057,PP02,General,1,0,1035,E1019,0
9254916692.TOP_HOLES_PIERCE,O0070,E1001,PP02,General,1,0,1035,E1019,0
9253010242.NOTCH,O0051,E1053,NM01,General,1,0,1200,E1010,0
9253010242.NOTCH,O0051,E1053,NM01,General,2,0,692,E1010,0
9253010242.ROBOT_CO2_WELD,O0060,E1024,ROW2,General,1,0,742,E1010,0
9253010242.ROBOT_CO2_WELD,O0060,E1024,ROW2,General,2,0,1050,E1010,0
9253010242.LEAK_CHECK,O0048,E1054,LM01,General,1,0,742,E1010,0
F1103713.TRIM,O0072,E1043,HP05,General,1,0,433,E1043,0
F1103713.CENTRE_PIERCE,O0020,E1043,HP05,General,2,0,433,E1043,0
F1105313-WHEEL_NUT.FLARE,O0114,E1043,HP05,General,4,0,1000,E1043,0
F1105313-WHEEL_NUT.TRIM,O0072,E1043,HP05,General,5,0,1000,E1043,0
9709010394.1ST_DRAW,O0002,E1043,HP05,General,1,0,44,E1043,0
9709010394.2ND_DRAW,O0003,E1043,HP05,General,2,0,44,E1043,0
9709010394.3RD_DRAW,O0004,E1043,HP05,General,3,0,44,E1043,0
9709010394.TRIM,O0072,E1043,HP05,General,5,0,44,E1043,0
9709010394.FLANGE_HOLE_PIERCE,O0031,E1043,HP05,General,6,0,556,E1043,0
9709010394.SIZE,O0064,E1043,HP05,General,7,0,556,E1043,0
F7900714.CENTRE_PIERCE,O0020,E1031,PP06,General,1,0,216,E1015,0
9253920206.TRIM,O0072,E1011,PP11,General,1,0,4131,E1010,0
9253920206.LIP_FORM,O0050,E1011,PP12,General,1,0,4131,E1010,0
9253920206.TOP_HOLES_PIERCE,O0070,E1011,PP13,General,1,0,4131,E1010,0
B0Y00851.SPOT_WELD,O0068,E1052,SW01,General,1,0,120,E1010,0
B0Y00851.SPOT_WELD,O0068,E1052,SW01,General,2,0,150,E1010,0
9253010242.TOP_HOLES_PIERCE,O0070,E1011,PP09-13,General,1,0,460,E1010,0
100261520.2ND_DRAW,O0003,E1029,HP03,General,1,0,1470,E1019,0
F8419814.CO2_WELD,O0021,E1056,MIG05,General,1,0,320,E1010,0
F2834413.FOLD,O0037,E1035,HP02,General,2,0,432,E1043,0
F2834513.FOLD,O0037,E1035,HP02,General,3,0,432,E1043,0
F2834413.TRIM_3_HOLES_PIERCE_PART,O0148,E1031,PP06,General,1,0,432,E1043,0
F2834513.TRIM_3_HOLES_PIERCE_PART,O0148,E1031,PP06,General,2,0,432,E1043,0
FD201713.BLANK_3_HOLES_PIERCE,O0090,E1031,PP06,General,3,0,567,E1043,0
FD201813.BLANK_3_HOLES_PIERCE,O0090,E1031,PP06,General,4,0,567,E1043,0
9709090124.BLANK,O0019,E1031,PP06,General,6,0,2100,E1015,0
F2834413.PARTNO_PUNCH,O0127,E039,MP01,General,1,0,432,E1043,0
9709090124.3RD_DRAW,O0004,E040,HP04,General,1,0,700,E1043,0
9253010242.TOP_HOLES_PIERCE,O0070,E1011,PP09-13,General,1,0,1005,E1010,0
9253010242.NOTCH,O0051,E1053,NM01,General,1,0,260,E1010,0
9253010242.NOTCH,O0051,E1053,NM01,General,1,0,550,E1010,0
9253010242.NOTCH,O0051,E1053,NM01,General,2,0,549,E1010,0
9253010242.ROBOT_CO2_WELD,O0060,E1054,ROW2,General,1,0,506,E1010,0
9253010242.ROBOT_CO2_WELD,O0060,E1054,ROW2,General,2,0,602,E1010,0
9253010242.LEAK_CHECK,O0048,E1054,LM01,General,1,0,506,E1010,0
9253010242.LEAK_CHECK,O0048,E1054,LM01,General,3,0,242,E1010,0
9253920206.BLANK,O0019,E1024,BL01,General,2,0,3900,E1024,0
9253010242.TOP_HOLES_PIERCE,O0070,E1011,PP09-13,General,2,0,900,E1010,0
9701910114.BLANK,O0019,E1024,BL01,General,1,0,2110,E1024,0
9709090124.3RD_DRAW,O0004,E040,HP04,General,1,0,1406,E1015,0
9709090124.3RD_DRAW,O0004,E040,HP04,General,1,0,900,E1015,0
9253010242.LEAK_CHECK,O0048,E1054,LM01,General,1,0,310,E1010,0
F2839513.RIB_FORM,O0132,E1031,PP06,General,1,0,200,E1043,0
F2839613.PART,O0123,E1031 ,PP06,General,4,0,200,E1043,0
B5503206.BLANK,O0019,E1031,PP06,General,7,0,300,E1043,0
B5503208.BLANK,O0019,E1031,PP06,General,8,0,304,E1043,0
B5437304-F2866213.BLANK,O0019,E1031,PP06,General,10,1,504,E1043,0
B5437305-F2866313.BLANK,O0019,E1031,PP06,General,11,1,504,E1043,0
B5503204.BLANK,O0019,E1031,PP06,General,13,1,300,E1043,0
B5437304-F2866213.FOLD,O0037,E1035,HP02,General,14,1,100,E1043,0
F6A01613.BLANK_2_HOLES_PIERCE,O0089,E1036,PP04,General,3,0,590,E1043,0
FD202413.FOLD,O0037,E1037,PP04,General,1,0,499,E1043,0
FD202313.FOLD,O0037,E1037,PP04,General,2,0,499,E1043,0
FD201813.FORM,O0041,E1037,PP04,General,4,0,567,E1043,0
F2839513.FOLD,O0037,E1032,HP02,General,1,0,199,E1043,0
F2839613.FOLD,O0037,E1032,HP02,General,2,0,200,E1043,0
B0Y17729.FORM,O0041,E1032,HP02,General,4,0,100,E1043,0
F6A01513.FOLD,O0037,E1036,PP03,General,1,0,573,E1043,0
F6A01613.FOLD,O0037,E1036,PP03,General,2,0,590,E1043,0
B5503206.FORM,O0041,E1036,PP03,General,3,0,300,E1043,0
B5503206.2_HOLES_PIERCE,O0008,E1036,PP03,General,4,0,300,E1043,0
FD202313.PART_HOLE_PIERCE,O0126,E1027,PP02,General,2,0,499,E1043,0
FD202313.FLARE,O0114,E1027,PP02,General,4,0,499,E1043,0
F1146514.FORM,O0041,E056,HP03,General,1,0,500,E1043,0
9709090124.COLLAR_FORM,O0022,E056,HP03,General,2,0,139,E1043,0
B5433265-F2862613.RIB_FORM1,O0133,E1035,HP02,General,1,0,298,E1043,0
B5433265-F2862713.TRIM_CENTRE_PIERCE_6_HOLES_PIERCE,O0151,E1012,PP07,General,1,0,504,E1043,0
B5433265-F2862613.OUTER_TRIM_2_HOLES_PIERCE,O0122,E1012,PP07,General,2,0,298,E1043,0
B5433265-F2862613.CENTRE_PIERCE_4_HOLES_PIERCE,O0097,E1012,PP07,General,3,0,298,E1043,0
100262820.FORM,O0041,E1012,PP07,General,4,0,700,E1043,0
B0Y17729.TRIM_2_HOLES_PIERCE,O0146,E1012,PP07,General,5,0,100,E1043,0
9253920206.LETTER_PUNCH,O0049,E1030,PP08,General,1,0,500,E1043,0
9253920206.LETTER_PUNCH,O0049,E1030,PP08,General,2,0,550,E1043,0
9253920206.LETTER_PUNCH,O0049,E1030,PP08,General,3,0,500,E1043,0
9253920206.LETTER_PUNCH,O0049,E1030,PP08,General,4,0,620,E1043,0
F1146514.CENTRE_PIERCE,O0020,E039,PP03,General,2,0,500,E1043,0
F1146514.HOLE_PIERCE,O0043,E1037,PP03,General,3,0,175,E1043,0
F1146514.TRIM,O0072,E1036,PP02,General,2,0,500,E1043,0
F2860713.CO2_WELD,O0021,E1056,MIG05,General,1,0,1000,E1010,0
F7900714.CO2_WELD,O0021,E1056,MIG05,General,2,0,216,E1010,0
9253010242.NOTCH,O0051,E1053,NM01,General,1,0,500,E1010,0
9709090124.3RD_DRAW,O0004,E040,HP04,General,1,0,94,E1043,0
4721951294.DEBUR,O0026,E1001,DB01,General,1,0,1453,E1015,0
9253010242.ROBOT_CO2_WELD,O0060,E1054,ROW2,General,1,0,310,E1010,0
B0Y18702.SPOT_WELD,O0068,E1052,SW01,General,2,0,777,E1010,0
B5503206.SPOT_WELD,O0068,E1052,SW01,General,1,0,300,E1010,0
B1E20504.CO2_WELD_1,O0098,E1054,ROW1,General,1,0,90,E1060,0
B1E20504.CO2_WELD_1,O0098,E1054,ROW1,General,2,0,31,E1060,0
F1146514.HOLE_PIERCE,O0043,E1037,PP03,General,1,0,325,E1043,0
F1146514.PARTNO_PUNCH,O0127,E1037,PP03,General,2,0,500,E1043,0
9709090124.COLLAR_FORM,O0022,E056,HP03,General,1,0,720,E1015,0
100261520.CO2_WELD,O0021,E1024,MIG04,General,1,0,250,E1060,0
9253010242.ROBOT_CO2_WELD,O0060,E1054,ROW2,General,1,0,310,E1010,0
100261520.LEAK_CHECK,O0048,E1024,LM01,General,1,0,250,E1024,0
100261520.LEAK_CHECK,O0048,E1024,LM01,General,2,0,224,E1010,0
100261520.LEAK_CHECK,O0048,E1024,LM01,General,3,0,300,E1010,0
100261520.CO2_WELD,O0021,E1024,MIG04,General,1,0,224,E1010,0
100261520.CO2_WELD,O0021,E1024,MIG04,General,2,0,300,E1010,0
100261520.CO2_WELD,O0021,E1024,MIG04,General,3,0,196,E1010,0
9253010242.NOTCH,O0051,E1053,NM01,General,1,0,400,E1010,0
9253010242.NOTCH,O0051,E1053,NM01,General,2,0,50,E1010,0
9253010242.LEAK_CHECK,O0048,E1054,LM01,General,2,0,310,E1010,0
100262820.CURL,O0025,E1055,MIG03,General,1,0,700,E1010,0
100262820.CO2_WELD,O0021,E1055,MIG04,General,2,0,700,E1010,0
B5503203.FORM,O0041,E1036,PP03,General,1,0,300,E1043,0
B5503204.FORM,O0041,E1036,PP03,General,2,0,300,E1043,0
B5503203.FOLD,O0037,E1036,PP03,General,3,0,300,E1043,0
B5437304-F2866213.FOLD,O0037,E1035,HP02,General,1,0,404,E1043,0
B5437305-F2866313.FOLD,O0037,E1035,HP02,General,2,0,404,E1043,0
B5437304-F2866213.U_FOLD,O0096,E1035,HP02,General,3,0,504,E1043,0
9253920206.LETTER_PUNCH,O0049,E1030,PP08,General,1,0,1500,E1043,0
B0Y17729.FORM,O0041,E1032,HP02,General,1,0,95,E1043,0
B0Y17729.REFORM,O0130,E1012,PP07,General,1,0,100,E1043,0
B0Y17729.TRIM_2_HOLES_PIERCE,O0146,E1012,PP07,General,3,0,95,E1043,0
B0Y17729.REFORM,O0130,E1012,PP07,General,4,0,95,E1043,0
B0Y17729.OUTER_TRIM,O0121,E1012,PP07,General,5,0,95,E1043,0
B0105204-F1M03414.BLANK_6_HOLES_PIERCE,O0092,E1031,PP06,General,1,0,210,E1043,0
B0105205-F1M03514.BLANK_6_HOLES_PIERCE,O0092,E1031,PP06,General,2,0,210,E1043,0
9709090124.COLLAR_FORM,O0022,E056,HP03,General,1,0,350,E1043,0
9709090124.COLLAR_FORM,O0022,E056,HP03,General,2,0,270,E1015,0
9253920205.DEBUR,O0026,E1050,DB01,General,1,0,2917,E1015,0
B0105204-F1M03414.BEND,O0015,E1032,PP03,General,1,0,210,E1015,0
B0105205-F1M03514.BEND,O0015,E1032,PP03,General,2,0,210,E1015,0
B0105205-F1M03514.FORM,O0041,E1047,HP02,General,2,0,210,E1015,0
9253010242.TOP_HOLES_PIERCE,O0070,E1011,PP09-13,General,1,0,25,E1010,0
9259076592.TOP_HOLES_PIERCE,O0070,E057,PP09-13,General,2,0,236,E1010,0
9259076592.TOP_HOLES_PIERCE,O0070,E057,PP09-13,General,3,0,250,E1010,0
9259076592.TOP_HOLES_PIERCE,O0070,E057,PP09-13,General,4,0,107,E1010,0
9259076592.TOP_HOLES_PIERCE,O0070,E057,PP09-13,General,5,0,270,E1010,0
9259076592.TOP_HOLES_PIERCE,O0070,E057,PP09-13,General,6,0,240,E1010,0
9709090124.3RD_DRAW,O0004,E1033,HP06,Second,2,0,200,E1043,0
9709090124.3RD_DRAW,O0004,E1033,HP06,Second,1,0,150,E1043,0
9709090124.3RD_DRAW,O0004,E1033,HP06,Second,2,0,150,E1043,0
9709090124.COLLAR_FORM,O0022,E056,HP03,Second,1,0,200,E1043,0
9709090124.COLLAR_FORM,O0022,E056,HP03,Second,2,0,100,E1043,0
9709090124.COLLAR_FORM,O0022,E056,HP03,Second,3,0,100,E1043,0
9709090124.COLLAR_FORM,O0022,E056,HP03,General,1,0,370,E1015,0
9709090124.COLLAR_FORM,O0022,E056,HP03,General,2,0,402,E1015,0
9709090124.COLLAR_FORM,O0022,E056,HP03,General,4,0,545,E1015,0
B5433265.SPOT_WELD,O0068,E1052,SW02,General,1,0,110,E1010,0
100261280.BLANK,O0019,E1024,BL01,General,1,0,3575,E1024,0
100261280.EMBOSS,O0030,E1011,PP09-13,General,1,0,800,E1024,0
9709090124.3RD_DRAW,O0004,E1033,HP06,General,1,0,166,E1015,0
9709090124.3RD_DRAW,O0004,E1033,HP06,General,3,0,29,E1015,0
100261280.EMBOSS,O0030,E1011,PP09-13,General,3,0,300,E1010,0
4721951294.BLANK,O0019,E1012,PP07,General,1,0,2160,E1015,0
100262820.FORM,O0041,E1012,PP07,General,2,0,2050,E1043,0
B0105204-GUSSET2.BLANK,O0019,E1012,PP07,General,3,0,850,E1043,0
9709090124.3RD_DRAW,O0004,E1033,HP06,General,1,0,500,E1015,0
100261520.CO2_WELD,O0021,E1024,MIG04,General,1,0,224,E1010,0
9253010242.ROBOT_CO2_WELD,O0060,E1054,ROW2,General,1,0,34,E1010,0
9259076592.ROBOT_CO2_WELD,O0060,E1024 ,ROW2,General,3,0,107,E1010,0
9259076592.ROBOT_CO2_WELD,O0060,E1024 ,ROW2,General,4,0,20,E1010,0
9259076592.ROBOT_CO2_WELD,O0060,E1024 ,ROW2,General,5,0,30,E1010,0
9253010242.NOTCH,O0051,E1053,NM01,General,1,0,5,E1010,0
9259076592.NOTCH,O0051,E1053,NM01,General,3,0,270,E1010,0
9253010242.LEAK_CHECK,O0048,E1054,LM01,General,1,0,34,E1010,0
9259076592.LEAK_CHECK,O0048,E1054,LM01,General,3,0,107,E1010,0
9259076592.LEAK_CHECK,O0048,E1054,LM01,General,5,0,30,E1010,0
9259076592.LEAK_CHECK,O0048,E1054,LM01,General,2,0,200,E1010,0
9259076592.NOTCH,O0051,E1053,NM01,General,1,0,236,E1010,0
100262820.CURL,O0025,E1055,MIG03,General,1,0,480,E1010,0
100262820.FORM,O0041,E1012,PP07,General,1,0,2000,E1015,0
100262820.CO2_WELD,O0021,E1055,MIG04,General,1,0,480,E1010,0
B5503204.2_HOLES_PIERCE,O0008,E1037,PP03,General,2,0,300,E1043,0
9253920206.LETTER_PUNCH,O0049,E1030,PP08,General,1,0,230,E1043,0
9253920206.DEBUR,O0026,E1030,DB01,General,1,0,3900,E1043,0
B0105204-F1M03414.PARTNO_PUNCH,O0127,E1032,PP02,General,1,0,210,E1043,0
B0105205-F1M03514.PARTNO_PUNCH,O0127,E1032,PP02,General,2,0,210,E1043,0
B5503294.JAGGLE,O0117,E1032,PP02,General,4,0,308,E1015,0
9259076592.NOTCH,O0051,E1053,NM01,General,1,0,250,E1010,0
F2839513.2_HOLES_PIERCE,O0008,E1031,PP06,General,1,0,199,E1043,0
F2839613.2_HOLES_PIERCE,O0008,E1031,PP06,General,2,0,200,E1043,0
9253920415.BLANK,O0019,E1024,SH01,General,1,0,750,E1024,0
B5433265-F2862613.RIB_FORM1,O0133,E1024,SH01,General,2,0,206,E1024,0
B5433265.SPOT_WELD,O0068,E1052,SW02,General,1,0,186,E1010,0
B5503259.SPOT_WELD,O0068,E1052,SW01,General,1,0,115,E1010,0
B0Y04718.SPOT_WELD,O0068,E1052,SW01,General,3,0,186,E1010,0
B5437304.SPOT_WELD1,O0135,E1052,SW01,General,4,0,150,E1010,0
B5503294.SPOT_WELD,O0068,E1052,SW01,General,1,0,308,E1010,0
B5503204.SPOT_WELD,O0068,E1052,SW01,General,3,0,300,E1010,0
B5503208.SPOT_WELD,O0068,E1052,SW01,General,4,0,304,E1010,0
F6A03013.TRIM,O0072,E1037,PP03,General,2,0,357,E1043,0
B5503294.CO2_WELD,O0021,E1056,MIG04,General,1,0,307,E1010,0
9253920206.BLANK,O0019,E1024,BL01,General,2,0,2770,E1024,0
9253920206.LETTER_PUNCH,O0049,E1030,PP08,General,1,0,2770,E1043,0
9253920206.LETTER_PUNCH,O0049,E1030,PP08,General,2,0,151,E1043,0
9253920206.DEBUR,O0026,E1030,DB01,General,2,0,151,E1043,0
B5433265-F2862613.RIB_FORM2,O0134,E1035,HP02,General,1,0,206,E1043,0
100261280.CO2_WELD,O0021,E1059,MIG01,General,2,0,288,E1010,0
100261280.CO2_WELD,O0021,E1059,MIG01,General,3,0,288,E1010,0
9259076592.NOTCH,O0051,E1053,NM01,General,1,0,240,E1010,0
9259076592.ROBOT_CO2_WELD,O0060,E1024 ,ROW2,General,1,0,270,E1010,0
9259076592.ROBOT_CO2_WELD,O0060,E1024 ,ROW2,General,2,0,240,E1010,0
9259076592.LEAK_CHECK,O0048,E1054,LM01,General,2,0,240,E1010,0
9259076592.LEAK_CHECK,O0048,E1054,LM01,General,3,0,453,E1010,0
100262820.CURL,O0025,E1055,MIG03,General,2,0,300,E1010,0
100262820.CURL,O0025,E1055,MIG03,General,3,0,350,E1010,0
100262820.CO2_WELD,O0021,E1055,MIG04,General,2,0,300,E1010,0
F6A03113.RIB_FORM,O0132,E1036,PP03,General,1,0,357,E1043,0
9259076592.TOP_HOLES_PIERCE,O0070,E057,PP09-13,General,1,0,180,E1010,0
9259076592.TOP_HOLES_PIERCE,O0070,E057,PP09-13,General,2,0,240,E1010,0
B0Y04718.CO2_WELD,O0021,E1056,MIG05,General,1,0,186,E1010,0
9701910114.BLANK,O0019,E1024,BL01,General,1,0,2400,E1024,0
3700510002-3700510004.1ST_DRAW,O0002,E040,HP04,Second,1,0,150,E1043,0
3700510002-3700510004.1ST_DRAW,O0002,E040,HP04,Second,2,0,150,E1043,0
3700510002-3700510004.TOP_FORM,O0069,E039,HP03,Second,1,0,150,E1043,0
3700510002-3700510004.TOP_FORM,O0069,E039,HP03,Second,2,0,150,E1043,0
3700510002-3700510004.TOP_FORM,O0069,E039,HP03,Second,3,0,150,E1043,0
3700510002-3700510004.3RD_DRAW,O0004,E040,HP05,Second,1,0,150,E1043,0
3700510002-3700510004.3RD_DRAW,O0004,E040,HP05,Second,3,0,150,E1043,0
3700510002-3700510004.2ND_DRAW,O0003,E039,HP05,Second,1,0,150,E1043,0
3700510002-3700510004.2ND_DRAW,O0003,E039,HP05,Second,2,0,150,E1043,0
9259076592.TOP_HOLES_PIERCE,O0070,E057,PP09-13,Second,1,0,220,E1043,0
9259076592.TOP_HOLES_PIERCE,O0070,E057,PP09-13,Second,3,0,250,E1043,0
9259076592.TOP_HOLES_PIERCE,O0070,E057,PP09-13,Second,4,0,250,E1043,0
9259076592.TOP_HOLES_PIERCE,O0070,E057,PP09-13,Second,5,0,250,E1043,0
9259076592.TOP_HOLES_PIERCE,O0070,E057,PP09-13,Second,6,0,300,E1043,0
9259076592.TOP_HOLES_PIERCE,O0070,E057,PP09-13,Second,8,0,350,E1043,0
9259076592.TOP_HOLES_PIERCE,O0070,E057,PP09-13,Second,9,1,200,E1043,0
3700510002-3700510004.1ST_DRAW,O0002,E040,HP04,Second,1,0,150,E1043,0
F0708010.SQUARE_CUT2,O0139,E1036,PP02,General,1,0,10,E1015,0
F0708010.PARTNO_PUNCH,O0127,E1036,PP04,General,1,0,10,E1015,0
